"from","to","node1_string_internal_id","node2_string_internal_id","node1_external_id","node2_external_id","neighborhood_on_chromosome","gene_fusion","phylogenetic_cooccurrence","homology","coexpression","experimentally_determined_interaction","database_annotated","automated_textmining","combined_score","Tipo"
"SYT1","STX1A",1844863,1842945,"9606.ENSP00000261205","9606.ENSP00000222812",0,0,0,0,0.106,0.988,0.9,0.841,0.999,"Cerebro"
"NRAS","PIK3CA",1855051,1845446,"9606.ENSP00000358548","9606.ENSP00000263967",0,0,0,0,0.052,0.97,0.9,0.538,0.998,"Cerebro"
"PIK3R1","PIK3CA",1846375,1845446,"9606.ENSP00000274335","9606.ENSP00000263967",0,0,0,0,0.127,0.946,0.9,0.681,0.998,"Cerebro"
"EGFR","KRAS",1846445,1844404,"9606.ENSP00000275493","9606.ENSP00000256078",0,0,0,0,0,0.612,0.9,0.965,0.998,"Cerebro"
"TP53","CREBBP",1846083,1845124,"9606.ENSP00000269305","9606.ENSP00000262367",0,0,0,0,0.054,0.934,0.9,0.72,0.998,"Cerebro"
"PTEN","PIK3CA",1855586,1845446,"9606.ENSP00000361021","9606.ENSP00000263967",0,0,0,0,0.187,0.319,0.9,0.98,0.998,"Cerebro"
"CTNNB1","CDH1",1852818,1844988,"9606.ENSP00000344456","9606.ENSP00000261769",0,0,0,0,0.051,0.552,0.9,0.943,0.997,"Cerebro"
"TP53","CDKN2A",1859838,1846083,"9606.ENSP00000394932","9606.ENSP00000269305",0,0,0,0,0,0.376,0.9,0.964,0.997,"Cerebro"
"EGFR","TP53",1846445,1846083,"9606.ENSP00000275493","9606.ENSP00000269305",0,0,0,0,0,0.126,0.9,0.958,0.996,"Cerebro"
"TP53","MYC",1856789,1846083,"9606.ENSP00000367207","9606.ENSP00000269305",0,0,0,0,0.055,0.095,0.9,0.965,0.996,"Cerebro"
"TP53","PTEN",1855586,1846083,"9606.ENSP00000361021","9606.ENSP00000269305",0,0,0,0,0,0.407,0.9,0.942,0.996,"Cerebro"
"TP53","RB1",1846083,1845924,"9606.ENSP00000269305","9606.ENSP00000267163",0,0,0,0,0,0.325,0.9,0.951,0.996,"Cerebro"
"NRAS","BRAF",1855051,1847131,"9606.ENSP00000358548","9606.ENSP00000288602",0,0,0,0,0.05,0.783,0.9,0.809,0.995,"Cerebro"
"SUFU","GLI2",1855131,1854160,"9606.ENSP00000358918","9606.ENSP00000354586",0,0,0,0,0.053,0.562,0.9,0.906,0.995,"Cerebro"
"SMARCA4","ARID1A",1853627,1850249,"9606.ENSP00000350720","9606.ENSP00000320485",0,0,0,0,0.114,0.833,0.9,0.748,0.995,"Cerebro"
"EGFR","TGFA",1847571,1846445,"9606.ENSP00000295400","9606.ENSP00000275493",0,0,0,0,0,0.866,0.9,0.63,0.994,"Cerebro"
"NIPBL","STAG2",1846802,1842691,"9606.ENSP00000282516","9606.ENSP00000218089",0,0,0,0,0.568,0.668,0.9,0.678,0.994,"Cerebro"
"TP53","EP300",1846083,1845316,"9606.ENSP00000269305","9606.ENSP00000263253",0,0,0,0,0.053,0.67,0.9,0.839,0.994,"Cerebro"
"RPL5","EEF1A1",1855221,1851211,"9606.ENSP00000359345","9606.ENSP00000330054",0,0,0,0,0.83,0.503,0.9,0.449,0.994,"Cerebro"
"EGFR","PIK3CA",1846445,1845446,"9606.ENSP00000275493","9606.ENSP00000263967",0,0,0,0,0,0,0.9,0.95,0.994,"Cerebro"
"EGFR","CTNNB1",1852818,1846445,"9606.ENSP00000344456","9606.ENSP00000275493",0,0,0,0,0.055,0.512,0.9,0.894,0.994,"Cerebro"
"EGFR","PTPN11",1852389,1846445,"9606.ENSP00000340944","9606.ENSP00000275493",0,0,0,0,0,0.615,0.9,0.87,0.994,"Cerebro"
"EGFR","CDH1",1846445,1844988,"9606.ENSP00000275493","9606.ENSP00000261769",0,0,0,0,0.054,0.387,0.9,0.897,0.993,"Cerebro"
"CDKN2A","MYC",1859838,1856789,"9606.ENSP00000394932","9606.ENSP00000367207",0,0,0,0,0,0.36,0.9,0.909,0.993,"Cerebro"
"BRAF","KRAS",1847131,1844404,"9606.ENSP00000288602","9606.ENSP00000256078",0,0,0,0,0.101,0.675,0.9,0.792,0.993,"Cerebro"
"MYC","RB1",1856789,1845924,"9606.ENSP00000367207","9606.ENSP00000267163",0,0,0,0,0,0.36,0.9,0.905,0.993,"Cerebro"
"CDKN2A","RB1",1859838,1845924,"9606.ENSP00000394932","9606.ENSP00000267163",0,0,0,0,0,0.068,0.9,0.932,0.993,"Cerebro"
"CTNNB1","NOTCH1",1852818,1846535,"9606.ENSP00000344456","9606.ENSP00000277541",0,0,0,0,0.063,0.364,0.9,0.875,0.991,"Cerebro"
"VEGFA","PIK3CA",1855611,1845446,"9606.ENSP00000361125","9606.ENSP00000263967",0,0,0,0,0,0,0.9,0.915,0.991,"Cerebro"
"CENPF","FOXM1",1854480,1852579,"9606.ENSP00000355922","9606.ENSP00000342307",0,0,0,0,0.784,0,0.9,0.632,0.991,"Cerebro"
"CTNNB1","MYC",1856789,1852818,"9606.ENSP00000367207","9606.ENSP00000344456",0,0,0,0,0,0.329,0.9,0.856,0.989,"Cerebro"
"GLI2","PTCH1",1854160,1851463,"9606.ENSP00000354586","9606.ENSP00000332353",0,0,0,0,0.063,0.295,0.8,0.914,0.987,"Cerebro"
"EGFR","VEGFA",1855611,1846445,"9606.ENSP00000361125","9606.ENSP00000275493",0,0,0,0,0,0,0.8,0.942,0.987,"Cerebro"
"PIK3CA","KRAS",1845446,1844404,"9606.ENSP00000263967","9606.ENSP00000256078",0,0,0,0,0.096,0.879,0,0.896,0.987,"Cerebro"
"EGFR","PLCG1",1846445,1843693,"9606.ENSP00000275493","9606.ENSP00000244007",0,0,0,0,0,0.527,0.9,0.736,0.986,"Cerebro"
"CTNNB1","CREBBP",1852818,1845124,"9606.ENSP00000344456","9606.ENSP00000262367",0,0,0,0,0.053,0.642,0.9,0.644,0.986,"Cerebro"
"NOTCH1","DLL4",1846535,1843973,"9606.ENSP00000277541","9606.ENSP00000249749",0,0,0,0.704,0.051,0.823,0.9,0.919,0.986,"Cerebro"
"NRAS","EGFR",1855051,1846445,"9606.ENSP00000358548","9606.ENSP00000275493",0,0,0,0,0,0.42,0.9,0.731,0.983,"Cerebro"
"MYC","NOTCH1",1856789,1846535,"9606.ENSP00000367207","9606.ENSP00000277541",0,0,0,0,0,0,0.9,0.845,0.983,"Cerebro"
"BRPF1","KAT6B",1857747,1847060,"9606.ENSP00000373340","9606.ENSP00000287239",0,0,0,0,0.072,0.52,0.9,0.663,0.983,"Cerebro"
"CTNNB1","SMARCA4",1853627,1852818,"9606.ENSP00000350720","9606.ENSP00000344456",0,0,0,0,0.073,0.541,0.9,0.645,0.982,"Cerebro"
"MYC","MAX",1856789,1853721,"9606.ENSP00000367207","9606.ENSP00000351490",0,0,0,0.72,0,0.778,0.9,0.736,0.981,"Cerebro"
"SMARCA4","ARID2",1853627,1851800,"9606.ENSP00000350720","9606.ENSP00000335044",0,0,0,0,0.233,0.398,0.9,0.655,0.981,"Cerebro"
"PIK3CA","CDH1",1845446,1844988,"9606.ENSP00000263967","9606.ENSP00000261769",0,0,0,0,0.044,0,0.9,0.814,0.98,"Cerebro"
"MYC","TERT",1856789,1849199,"9606.ENSP00000367207","9606.ENSP00000309572",0,0,0,0,0,0,0.9,0.807,0.979,"Cerebro"
"CTNNB1","EP300",1852818,1845316,"9606.ENSP00000344456","9606.ENSP00000263253",0,0,0,0,0.047,0.642,0.9,0.476,0.979,"Cerebro"
"PTPN11","PIK3CA",1852389,1845446,"9606.ENSP00000340944","9606.ENSP00000263967",0,0,0,0,0.053,0,0.9,0.791,0.978,"Cerebro"
"SMARCA4","TERT",1853627,1849199,"9606.ENSP00000350720","9606.ENSP00000309572",0,0,0,0,0.059,0.378,0.9,0.67,0.978,"Cerebro"
"MYC","EP300",1856789,1845316,"9606.ENSP00000367207","9606.ENSP00000263253",0,0,0,0,0,0.368,0.9,0.667,0.977,"Cerebro"
"MYC","PIK3CA",1856789,1845446,"9606.ENSP00000367207","9606.ENSP00000263967",0,0,0,0,0,0.042,0.9,0.782,0.977,"Cerebro"
"MYC","DNMT3A",1856789,1845601,"9606.ENSP00000367207","9606.ENSP00000264709",0,0,0,0,0,0.336,0.9,0.67,0.976,"Cerebro"
"CAMK2A","CAMK2G",1858598,1850110,"9606.ENSP00000381412","9606.ENSP00000319060",0,0,0.527,0.985,0.054,0.772,0.9,0.501,0.976,"Cerebro"
"CTNNB1","SOX9",1852818,1843760,"9606.ENSP00000344456","9606.ENSP00000245479",0,0,0,0,0,0.17,0.9,0.717,0.974,"Cerebro"
"PIK3R1","EGFR",1846445,1846375,"9606.ENSP00000275493","9606.ENSP00000274335",0,0,0,0,0,0.574,0.9,0.454,0.974,"Cerebro"
"TP53","TERT",1849199,1846083,"9606.ENSP00000309572","9606.ENSP00000269305",0,0,0,0,0,0.126,0.9,0.707,0.972,"Cerebro"
"RB1","EP300",1845924,1845316,"9606.ENSP00000267163","9606.ENSP00000263253",0,0,0,0,0.054,0.376,0.9,0.578,0.971,"Cerebro"
"RPL5","EIF1AX",1857062,1855221,"9606.ENSP00000368927","9606.ENSP00000359345",0.309,0,0,0,0.464,0,0.9,0.311,0.971,"Cerebro"
"CDKN2A","PIK3CA",1859838,1845446,"9606.ENSP00000394932","9606.ENSP00000263967",0,0,0,0,0.056,0.145,0.9,0.679,0.97,"Cerebro"
"NF1","KRAS",1853658,1844404,"9606.ENSP00000351015","9606.ENSP00000256078",0,0,0,0,0.099,0.364,0.9,0.524,0.969,"Cerebro"
"MYC","CREBBP",1856789,1845124,"9606.ENSP00000367207","9606.ENSP00000262367",0,0,0,0,0,0.368,0.9,0.548,0.969,"Cerebro"
"PTPN11","KRAS",1852389,1844404,"9606.ENSP00000340944","9606.ENSP00000256078",0,0,0,0,0.091,0.296,0.9,0.566,0.968,"Cerebro"
"SMARCA4","CREBBP",1853627,1845124,"9606.ENSP00000350720","9606.ENSP00000262367",0,0,0,0,0.1,0.434,0.9,0.458,0.968,"Cerebro"
"VEGFA","EP300",1855611,1845316,"9606.ENSP00000361125","9606.ENSP00000263253",0,0,0,0,0,0.403,0.9,0.504,0.967,"Cerebro"
"CTNNB1","PIK3CA",1852818,1845446,"9606.ENSP00000344456","9606.ENSP00000263967",0,0,0,0,0.064,0.054,0.9,0.677,0.967,"Cerebro"
"SMARCA4","DNMT3A",1853627,1845601,"9606.ENSP00000350720","9606.ENSP00000264709",0,0,0,0,0.053,0.096,0.9,0.666,0.967,"Cerebro"
"PIK3R1","CTNNB1",1852818,1846375,"9606.ENSP00000344456","9606.ENSP00000274335",0,0,0,0,0,0.572,0.9,0.295,0.967,"Cerebro"
"NOTCH1","EP300",1846535,1845316,"9606.ENSP00000277541","9606.ENSP00000263253",0,0,0,0,0.079,0.397,0.9,0.47,0.966,"Cerebro"
"PIK3CA","PLCG1",1845446,1843693,"9606.ENSP00000263967","9606.ENSP00000244007",0,0,0,0,0.103,0.293,0.9,0.515,0.965,"Cerebro"
"COL6A2","COL6A3",1848188,1847586,"9606.ENSP00000300527","9606.ENSP00000295550",0,0,0,0.647,0.514,0,0.9,0.785,0.963,"Cerebro"
"CTNNB1","TERT",1852818,1849199,"9606.ENSP00000344456","9606.ENSP00000309572",0,0,0,0,0,0.378,0.9,0.415,0.96,"Cerebro"
"NRAS","NF1",1855051,1853658,"9606.ENSP00000358548","9606.ENSP00000351015",0,0,0,0,0.055,0.293,0.9,0.47,0.959,"Cerebro"
"SMARCA4","NF1",1853658,1853627,"9606.ENSP00000351015","9606.ENSP00000350720",0,0,0,0,0.095,0.407,0.9,0.31,0.958,"Cerebro"
"NRAS","PTPN11",1855051,1852389,"9606.ENSP00000358548","9606.ENSP00000340944",0,0,0,0,0.091,0.296,0.9,0.425,0.958,"Cerebro"
"CTNNB1","PTPN11",1852818,1852389,"9606.ENSP00000344456","9606.ENSP00000340944",0,0,0,0,0.073,0.376,0.9,0.348,0.957,"Cerebro"
"MYC","GFI1",1856789,1847499,"9606.ENSP00000367207","9606.ENSP00000294702",0,0,0,0,0,0.057,0.9,0.589,0.957,"Cerebro"
"VEGFA","CREBBP",1855611,1845124,"9606.ENSP00000361125","9606.ENSP00000262367",0,0,0,0,0,0.368,0.9,0.341,0.954,"Cerebro"
"IDH2","IDH1",1851406,1844837,"9606.ENSP00000331897","9606.ENSP00000260985",0,0,0.527,0.978,0,0.774,0.8,0.916,0.954,"Cerebro"
"PIK3R1","PTPN11",1852389,1846375,"9606.ENSP00000340944","9606.ENSP00000274335",0,0,0,0,0,0.398,0.9,0.277,0.952,"Cerebro"
"MLL2","EP300",1848242,1845316,"9606.ENSP00000301067","9606.ENSP00000263253",0,0,0,0,0.161,0.12,0.9,0.427,0.952,"Cerebro"
"RIMS1","STX1A",1861746,1842945,"9606.ENSP00000428417","9606.ENSP00000222812",0,0,0,0,0.052,0.36,0.9,0.295,0.951,"Cerebro"
"TERT","RB1",1849199,1845924,"9606.ENSP00000309572","9606.ENSP00000267163",0,0,0,0,0.096,0,0.9,0.502,0.951,"Cerebro"
"SMARCA4","RB1",1853627,1845924,"9606.ENSP00000350720","9606.ENSP00000267163",0,0,0,0,0.089,0.407,0.72,0.711,0.95,"Cerebro"
"EP300","CREBBP",1845316,1845124,"9606.ENSP00000263253","9606.ENSP00000262367",0,0,0,0.954,0.226,0.378,0.9,0.821,0.949,"Cerebro"
"SYT1","RIMS1",1861746,1844863,"9606.ENSP00000428417","9606.ENSP00000261205",0,0,0,0.628,0.129,0.36,0.9,0.425,0.948,"Cerebro"
"EGFR","TERT",1849199,1846445,"9606.ENSP00000309572","9606.ENSP00000275493",0,0,0,0,0,0,0.9,0.493,0.947,"Cerebro"
"CTNNB1","MLL2",1852818,1848242,"9606.ENSP00000344456","9606.ENSP00000301067",0,0,0,0,0.054,0.405,0.9,0.168,0.946,"Cerebro"
"MLL2","CREBBP",1848242,1845124,"9606.ENSP00000301067","9606.ENSP00000262367",0,0,0,0,0.195,0.12,0.9,0.335,0.946,"Cerebro"
"PTPN11","VEGFA",1855611,1852389,"9606.ENSP00000361125","9606.ENSP00000340944",0,0,0,0,0,0,0.9,0.48,0.945,"Cerebro"
"TP53","CSNK2B",1856397,1846083,"9606.ENSP00000365025","9606.ENSP00000269305",0,0,0,0,0,0.36,0.9,0.192,0.943,"Cerebro"
"EP300","MAX",1853721,1845316,"9606.ENSP00000351490","9606.ENSP00000263253",0,0,0,0,0.13,0.36,0.9,0.098,0.943,"Cerebro"
"TP53","TP63",1846083,1845611,"9606.ENSP00000269305","9606.ENSP00000264731",0,0,0,0.891,0,0.407,0.9,0.68,0.942,"Cerebro"
"TP53","VEGFA",1855611,1846083,"9606.ENSP00000361125","9606.ENSP00000269305",0,0,0,0,0,0,0,0.941,0.941,"Cerebro"
"PIK3R1","PLCG1",1846375,1843693,"9606.ENSP00000274335","9606.ENSP00000244007",0,0,0,0.612,0.069,0.326,0.9,0.4,0.941,"Cerebro"
"TP53","TGFA",1847571,1846083,"9606.ENSP00000295400","9606.ENSP00000269305",0,0,0,0,0,0,0.9,0.44,0.941,"Cerebro"
"RB1","CREBBP",1845924,1845124,"9606.ENSP00000267163","9606.ENSP00000262367",0,0,0,0,0.054,0.065,0.9,0.412,0.941,"Cerebro"
"EGFR","NOTCH1",1846535,1846445,"9606.ENSP00000277541","9606.ENSP00000275493",0,0,0,0,0.066,0.292,0,0.914,0.938,"Cerebro"
"NOTCH1","CREBBP",1846535,1845124,"9606.ENSP00000277541","9606.ENSP00000262367",0,0,0,0,0.053,0.097,0.9,0.358,0.937,"Cerebro"
"TP53","TYRP1",1857771,1846083,"9606.ENSP00000373570","9606.ENSP00000269305",0,0,0,0,0,0,0.9,0.38,0.935,"Cerebro"
"ARID1A","CREBBP",1850249,1845124,"9606.ENSP00000320485","9606.ENSP00000262367",0,0,0,0,0.28,0.069,0.9,0.156,0.935,"Cerebro"
"NRAS","PIK3R1",1855051,1846375,"9606.ENSP00000358548","9606.ENSP00000274335",0,0,0,0,0,0.096,0.9,0.324,0.933,"Cerebro"
"TERT","EP300",1849199,1845316,"9606.ENSP00000309572","9606.ENSP00000263253",0,0,0,0,0.051,0.071,0.9,0.321,0.932,"Cerebro"
"VEGFA","PLCG1",1855611,1843693,"9606.ENSP00000361125","9606.ENSP00000244007",0,0,0,0,0,0,0.9,0.345,0.931,"Cerebro"
"CD44","NANOG",1860096,1843195,"9606.ENSP00000398632","9606.ENSP00000229307",0,0,0,0,0,0,0.8,0.665,0.93,"Cerebro"
"EP300","FOXM1",1852579,1845316,"9606.ENSP00000342307","9606.ENSP00000263253",0,0,0,0,0,0.069,0.9,0.316,0.93,"Cerebro"
"PIK3R1","MYC",1856789,1846375,"9606.ENSP00000367207","9606.ENSP00000274335",0,0,0,0,0,0,0.9,0.33,0.93,"Cerebro"
"PIK3CA","IL4R",1845446,1842312,"9606.ENSP00000263967","9606.ENSP00000170630",0,0,0,0,0.106,0,0.9,0.277,0.929,"Cerebro"
"TP53","KRAS",1846083,1844404,"9606.ENSP00000269305","9606.ENSP00000256078",0,0,0,0,0,0,0,0.927,0.928,"Cerebro"
"COL4A2","COL8A1",1854011,1844844,"9606.ENSP00000353654","9606.ENSP00000261037",0,0,0,0,0.053,0,0.9,0.295,0.927,"Cerebro"
"CAMK2A","PLCG1",1858598,1843693,"9606.ENSP00000381412","9606.ENSP00000244007",0,0,0,0,0,0.285,0.9,0.069,0.927,"Cerebro"
"TP53","MAX",1853721,1846083,"9606.ENSP00000351490","9606.ENSP00000269305",0,0,0,0,0,0,0.9,0.304,0.927,"Cerebro"
"PTEN","PIK3C2G",1855586,1845872,"9606.ENSP00000361021","9606.ENSP00000266497",0,0,0,0,0.056,0.18,0.9,0.174,0.927,"Cerebro"
"EPHA7","EPHA3",1854997,1852002,"9606.ENSP00000358309","9606.ENSP00000337451",0,0,0,0.974,0.046,0.285,0.9,0.553,0.926,"Cerebro"
"COL6A3","COL8A1",1847586,1844844,"9606.ENSP00000295550","9606.ENSP00000261037",0,0,0,0,0.054,0,0.9,0.289,0.926,"Cerebro"
"EGFR","PTEN",1855586,1846445,"9606.ENSP00000361021","9606.ENSP00000275493",0,0,0,0,0,0,0,0.925,0.925,"Cerebro"
"PIK3R1","CDH1",1846375,1844988,"9606.ENSP00000274335","9606.ENSP00000261769",0,0,0,0,0,0.173,0.9,0.17,0.925,"Cerebro"
"COL6A2","COL4A2",1854011,1848188,"9606.ENSP00000353654","9606.ENSP00000300527",0,0,0,0.616,0.156,0,0.9,0.36,0.923,"Cerebro"
"CAMK2A","KRAS",1858598,1844404,"9606.ENSP00000381412","9606.ENSP00000256078",0,0,0,0,0,0,0.9,0.27,0.923,"Cerebro"
"COL4A2","COL6A3",1854011,1847586,"9606.ENSP00000353654","9606.ENSP00000295550",0,0,0,0.61,0.158,0,0.9,0.369,0.923,"Cerebro"
"PIK3R1","VEGFA",1855611,1846375,"9606.ENSP00000361125","9606.ENSP00000274335",0,0,0,0,0,0,0.9,0.263,0.923,"Cerebro"
"CAMK2G","KRAS",1850110,1844404,"9606.ENSP00000319060","9606.ENSP00000256078",0,0,0,0,0,0,0.9,0.262,0.923,"Cerebro"
"TERT","CREBBP",1849199,1845124,"9606.ENSP00000309572","9606.ENSP00000262367",0,0,0,0,0.051,0.071,0.9,0.222,0.922,"Cerebro"
"SMARCA4","H3F3A",1854454,1853627,"9606.ENSP00000355778","9606.ENSP00000350720",0,0,0,0,0,0.809,0,0.607,0.922,"Cerebro"
"PIK3R1","CDKN2A",1859838,1846375,"9606.ENSP00000394932","9606.ENSP00000274335",0,0,0,0,0,0,0.9,0.258,0.922,"Cerebro"
"PTEN","PLCG1",1855586,1843693,"9606.ENSP00000361021","9606.ENSP00000244007",0,0,0,0,0.054,0,0.9,0.241,0.921,"Cerebro"
"ACAN","SOX9",1859267,1843760,"9606.ENSP00000387356","9606.ENSP00000245479",0,0,0,0,0,0,0,0.92,0.92,"Cerebro"
"BRPF1","EP300",1857747,1845316,"9606.ENSP00000373340","9606.ENSP00000263253",0,0,0,0.609,0.124,0.12,0.9,0.097,0.918,"Cerebro"
"VEGFA","CCL2",1855611,1843055,"9606.ENSP00000361125","9606.ENSP00000225831",0,0,0,0,0,0,0,0.916,0.916,"Cerebro"
"PIK3C2G","PLCG1",1845872,1843693,"9606.ENSP00000266497","9606.ENSP00000244007",0,0,0,0,0.068,0.139,0.9,0.078,0.916,"Cerebro"
"NF1","ARID1A",1853658,1850249,"9606.ENSP00000351015","9606.ENSP00000320485",0,0,0,0,0.054,0,0.9,0.192,0.916,"Cerebro"
"VEGFA","F5",1855611,1854661,"9606.ENSP00000361125","9606.ENSP00000356771",0,0,0,0,0,0,0.9,0.185,0.915,"Cerebro"
"TERT","MAX",1853721,1849199,"9606.ENSP00000351490","9606.ENSP00000309572",0,0,0,0,0,0,0.9,0.193,0.915,"Cerebro"
"SYT1","EGFR",1846445,1844863,"9606.ENSP00000275493","9606.ENSP00000261205",0,0,0,0,0,0,0.9,0.186,0.915,"Cerebro"
"MAX","CREBBP",1853721,1845124,"9606.ENSP00000351490","9606.ENSP00000262367",0,0,0,0,0.169,0,0.9,0.046,0.913,"Cerebro"
"CENPF","CLIP1",1854480,1848555,"9606.ENSP00000355922","9606.ENSP00000303585",0,0,0,0,0,0,0.9,0.173,0.913,"Cerebro"
"COL6A2","COL8A1",1848188,1844844,"9606.ENSP00000300527","9606.ENSP00000261037",0,0,0,0.633,0.056,0,0.9,0.31,0.911,"Cerebro"
"GFI1","DNMT3A",1847499,1845601,"9606.ENSP00000294702","9606.ENSP00000264709",0,0,0,0,0,0,0.9,0.15,0.911,"Cerebro"
"TP53","BRPF1",1857747,1846083,"9606.ENSP00000373340","9606.ENSP00000269305",0,0,0,0,0,0,0.9,0.143,0.91,"Cerebro"
"TP53","CDH1",1846083,1844988,"9606.ENSP00000269305","9606.ENSP00000261769",0,0,0,0,0,0,0,0.909,0.909,"Cerebro"
"ARID1A","DNMT3A",1850249,1845601,"9606.ENSP00000320485","9606.ENSP00000264709",0,0,0,0,0.046,0,0.9,0.127,0.909,"Cerebro"
"NRAS","CAMK2A",1858598,1855051,"9606.ENSP00000381412","9606.ENSP00000358548",0,0,0,0,0,0,0.9,0.128,0.909,"Cerebro"
"CENPF","TOP2A",1860923,1854480,"9606.ENSP00000411532","9606.ENSP00000355922",0,0,0,0,0.868,0,0,0.341,0.909,"Cerebro"
"NRAS","CAMK2G",1855051,1850110,"9606.ENSP00000358548","9606.ENSP00000319060",0,0,0,0,0,0,0.9,0.128,0.909,"Cerebro"
"SLC6A3","CDH1",1846148,1844988,"9606.ENSP00000270349","9606.ENSP00000261769",0,0,0,0,0,0,0.9,0.127,0.908,"Cerebro"
"TP53","CD44",1860096,1846083,"9606.ENSP00000398632","9606.ENSP00000269305",0,0,0,0,0,0.36,0,0.862,0.908,"Cerebro"
"CLIP1","STAG2",1848555,1842691,"9606.ENSP00000303585","9606.ENSP00000218089",0,0,0,0,0.106,0,0.9,0.046,0.907,"Cerebro"
"MAX","KANSL1",1853721,1845137,"9606.ENSP00000351490","9606.ENSP00000262419",0,0,0,0,0.112,0,0.9,0,0.907,"Cerebro"
"ARID2","DNMT3A",1851800,1845601,"9606.ENSP00000335044","9606.ENSP00000264709",0,0,0,0,0.053,0,0.9,0.09,0.906,"Cerebro"
"TP53","SMARCA4",1853627,1846083,"9606.ENSP00000350720","9606.ENSP00000269305",0,0,0,0,0.045,0.678,0,0.71,0.903,"Cerebro"
"NRAS","KRAS",1855051,1844404,"9606.ENSP00000358548","9606.ENSP00000256078",0,0,0.527,0.983,0.045,0,0.9,0.53,0.902,"Cerebro"
"BRAF","CAMK2G",1850110,1847131,"9606.ENSP00000319060","9606.ENSP00000288602",0,0,0,0.622,0.052,0,0.9,0.049,0.901,"Cerebro"
"MAX","GFI1",1853721,1847499,"9606.ENSP00000351490","9606.ENSP00000294702",0,0,0,0,0,0.053,0.9,0,0.901,"Cerebro"
"COL6A3","ITGA2",1847760,1847586,"9606.ENSP00000296585","9606.ENSP00000295550",0,0,0,0.61,0,0,0.9,0.074,0.901,"Cerebro"
"CD44","TRIM2",1860096,1852238,"9606.ENSP00000398632","9606.ENSP00000339659",0,0,0,0,0,0,0.9,0.052,0.901,"Cerebro"
"PIK3R1","IL4R",1846375,1842312,"9606.ENSP00000274335","9606.ENSP00000170630",0,0,0,0,0,0,0.9,0,0.9,"Cerebro"
"COL6A2","ITGA2",1848188,1847760,"9606.ENSP00000300527","9606.ENSP00000296585",0,0,0,0,0,0,0.9,0.045,0.9,"Cerebro"
"TGFA","F5",1854661,1847571,"9606.ENSP00000356771","9606.ENSP00000295400",0,0,0,0,0,0,0.9,0,0.9,"Cerebro"
"BRAF","CAMK2A",1858598,1847131,"9606.ENSP00000381412","9606.ENSP00000288602",0,0,0,0.625,0,0,0.9,0.049,0.9,"Cerebro"
"NOTCH1","ST3GAL6",1858164,1846535,"9606.ENSP00000377717","9606.ENSP00000277541",0,0,0,0,0,0,0.9,0,0.9,"Cerebro"
"MAX","DNMT3A",1853721,1845601,"9606.ENSP00000351490","9606.ENSP00000264709",0,0,0,0,0,0,0.9,0.046,0.9,"Cerebro"
"CENPF","STAG2",1854480,1842691,"9606.ENSP00000355922","9606.ENSP00000218089",0,0,0,0,0,0,0.9,0,0.9,"Cerebro"
"ACAN","ST3GAL6",1859267,1858164,"9606.ENSP00000387356","9606.ENSP00000377717",0,0,0,0,0,0,0.9,0,0.9,"Cerebro"
"TP53","PPM1J",1849127,1846083,"9606.ENSP00000308926","9606.ENSP00000269305",0,0,0,0,0,0,0.9,0,0.9,"Cerebro"
"TP53","MYCN",1846701,1846083,"9606.ENSP00000281043","9606.ENSP00000269305",0,0,0,0,0,0,0,0.898,0.899,"Cerebro"
"TP53","PIK3CA",1846083,1845446,"9606.ENSP00000269305","9606.ENSP00000263967",0,0,0,0,0,0.065,0,0.895,0.898,"Cerebro"
"EGFR","CD44",1860096,1846445,"9606.ENSP00000398632","9606.ENSP00000275493",0,0,0,0,0,0.36,0,0.841,0.894,"Cerebro"
"EGFR","MYC",1856789,1846445,"9606.ENSP00000367207","9606.ENSP00000275493",0,0,0,0,0,0,0,0.891,0.891,"Cerebro"
"FOXM1","TOP2A",1860923,1852579,"9606.ENSP00000411532","9606.ENSP00000342307",0,0,0,0,0.787,0.36,0,0.248,0.888,"Cerebro"
"SMARCA4","TOP2A",1860923,1853627,"9606.ENSP00000411532","9606.ENSP00000350720",0,0,0,0,0.35,0.674,0,0.504,0.886,"Cerebro"
"PIK3CA","ITGA2",1847760,1845446,"9606.ENSP00000296585","9606.ENSP00000263967",0,0,0,0,0,0,0.8,0.441,0.883,"Cerebro"
"CDKN2A","KRAS",1859838,1844404,"9606.ENSP00000394932","9606.ENSP00000256078",0,0,0,0,0.049,0.12,0,0.857,0.87,"Cerebro"
"CAMK2A","SLC6A3",1858598,1846148,"9606.ENSP00000381412","9606.ENSP00000270349",0,0,0,0,0.053,0.36,0.8,0.054,0.87,"Cerebro"
"CAMK2G","CREBBP",1850110,1845124,"9606.ENSP00000319060","9606.ENSP00000262367",0,0,0,0,0.093,0,0.8,0.33,0.868,"Cerebro"
"TP53","NOTCH1",1846535,1846083,"9606.ENSP00000277541","9606.ENSP00000269305",0,0,0,0,0.054,0.065,0,0.863,0.868,"Cerebro"
"PTEN","VEGFA",1855611,1855586,"9606.ENSP00000361125","9606.ENSP00000361021",0,0,0,0,0,0,0,0.867,0.867,"Cerebro"
"SUFU","PTCH1",1855131,1851463,"9606.ENSP00000358918","9606.ENSP00000332353",0,0,0,0,0,0.296,0,0.815,0.864,"Cerebro"
"MYC","VEGFA",1856789,1855611,"9606.ENSP00000367207","9606.ENSP00000361125",0,0,0,0,0,0,0,0.861,0.861,"Cerebro"
"CDKN2A","MYCN",1859838,1846701,"9606.ENSP00000394932","9606.ENSP00000281043",0,0,0,0,0,0.329,0,0.795,0.857,"Cerebro"
"MYC","KRAS",1856789,1844404,"9606.ENSP00000367207","9606.ENSP00000256078",0,0,0,0,0,0,0,0.855,0.855,"Cerebro"
"PTEN","CDH1",1855586,1844988,"9606.ENSP00000361021","9606.ENSP00000261769",0,0,0,0,0.053,0.325,0,0.791,0.855,"Cerebro"
"MYC","CDH1",1856789,1844988,"9606.ENSP00000367207","9606.ENSP00000261769",0,0,0,0,0,0,0,0.853,0.853,"Cerebro"
"EP300","CAMK2G",1850110,1845316,"9606.ENSP00000319060","9606.ENSP00000263253",0,0,0,0,0.089,0,0.8,0.247,0.851,"Cerebro"
"PTEN","CDKN2A",1859838,1855586,"9606.ENSP00000394932","9606.ENSP00000361021",0,0,0,0,0.051,0.094,0,0.834,0.846,"Cerebro"
"CTNNB1","VEGFA",1855611,1852818,"9606.ENSP00000361125","9606.ENSP00000344456",0,0,0,0,0,0,0,0.838,0.838,"Cerebro"
"CAMK2G","SLC6A3",1850110,1846148,"9606.ENSP00000319060","9606.ENSP00000270349",0,0,0,0,0.053,0,0.8,0.21,0.837,"Cerebro"
"PTEN","MYC",1856789,1855586,"9606.ENSP00000367207","9606.ENSP00000361021",0,0,0,0,0.054,0,0,0.833,0.835,"Cerebro"
"VEGFA","NOTCH1",1855611,1846535,"9606.ENSP00000361125","9606.ENSP00000277541",0,0,0,0,0,0,0,0.835,0.835,"Cerebro"
"TOP2A","STAG2",1860923,1842691,"9606.ENSP00000411532","9606.ENSP00000218089",0,0,0,0,0.74,0,0,0.384,0.833,"Cerebro"
"NANOG","DDX5",1843195,1843052,"9606.ENSP00000229307","9606.ENSP00000225792",0,0,0,0,0,0,0.8,0.193,0.831,"Cerebro"
"CD44","COL4A2",1860096,1854011,"9606.ENSP00000398632","9606.ENSP00000353654",0,0,0,0,0.043,0,0.8,0.188,0.831,"Cerebro"
"VEGFA","CDH1",1855611,1844988,"9606.ENSP00000361125","9606.ENSP00000261769",0,0,0,0,0,0,0,0.83,0.83,"Cerebro"
"CD44","CDH1",1860096,1844988,"9606.ENSP00000398632","9606.ENSP00000261769",0,0,0,0,0,0,0,0.828,0.828,"Cerebro"
"CDKN2A","VEGFA",1859838,1855611,"9606.ENSP00000394932","9606.ENSP00000361125",0,0,0,0,0.049,0,0,0.826,0.827,"Cerebro"
"CAMK2G","PLCG1",1850110,1843693,"9606.ENSP00000319060","9606.ENSP00000244007",0,0,0,0,0.049,0,0.8,0.161,0.826,"Cerebro"
"COL4A2","ITGA2",1854011,1847760,"9606.ENSP00000353654","9606.ENSP00000296585",0,0,0,0,0,0,0.8,0.17,0.826,"Cerebro"
"VEGFA","DLL4",1855611,1843973,"9606.ENSP00000361125","9606.ENSP00000249749",0,0,0,0,0,0,0,0.826,0.826,"Cerebro"
"VEGFA","KRAS",1855611,1844404,"9606.ENSP00000361125","9606.ENSP00000256078",0,0,0,0,0,0,0,0.824,0.824,"Cerebro"
"VEGFA","CD44",1860096,1855611,"9606.ENSP00000398632","9606.ENSP00000361125",0,0,0,0,0,0,0,0.823,0.823,"Cerebro"
"CD44","COL6A3",1860096,1847586,"9606.ENSP00000398632","9606.ENSP00000295550",0,0,0,0,0,0,0.8,0.142,0.821,"Cerebro"
"COL6A2","CD44",1860096,1848188,"9606.ENSP00000398632","9606.ENSP00000300527",0,0,0,0,0,0,0.8,0.14,0.82,"Cerebro"
"TOP2A","MKI67",1860923,1854841,"9606.ENSP00000411532","9606.ENSP00000357643",0,0,0,0,0.729,0,0,0.345,0.815,"Cerebro"
"CD44","ACAN",1860096,1859267,"9606.ENSP00000398632","9606.ENSP00000387356",0,0,0,0,0,0,0,0.813,0.813,"Cerebro"
"TP53","NANOG",1846083,1843195,"9606.ENSP00000269305","9606.ENSP00000229307",0,0,0,0,0,0,0,0.809,0.809,"Cerebro"
"CAMK2A","CREBBP",1858598,1845124,"9606.ENSP00000381412","9606.ENSP00000262367",0,0,0,0,0.056,0,0.8,0.072,0.809,"Cerebro"
"CAMK2A","EP300",1858598,1845316,"9606.ENSP00000381412","9606.ENSP00000263253",0,0,0,0,0.056,0,0.8,0.069,0.809,"Cerebro"
"MYC","SMARCA4",1856789,1853627,"9606.ENSP00000367207","9606.ENSP00000350720",0,0,0,0,0,0.406,0,0.691,0.809,"Cerebro"
"PTEN","NOTCH1",1855586,1846535,"9606.ENSP00000361021","9606.ENSP00000277541",0,0,0,0,0.159,0.094,0,0.761,0.803,"Cerebro"
"NOTCH1","CDH1",1846535,1844988,"9606.ENSP00000277541","9606.ENSP00000261769",0,0,0,0,0,0,0,0.803,0.803,"Cerebro"
"PTEN","KRAS",1855586,1844404,"9606.ENSP00000361021","9606.ENSP00000256078",0,0,0,0,0.079,0.164,0,0.763,0.802,"Cerebro"
"CSNK2B","TOP2A",1860923,1856397,"9606.ENSP00000411532","9606.ENSP00000365025",0,0,0,0,0,0.791,0,0.08,0.801,"Cerebro"
"TP53","NF1",1853658,1846083,"9606.ENSP00000351015","9606.ENSP00000269305",0,0,0,0,0,0,0,0.794,0.794,"Cerebro"
"CENPF","MKI67",1854841,1854480,"9606.ENSP00000357643","9606.ENSP00000355922",0,0,0,0,0.761,0,0,0.171,0.793,"Cerebro"
"PTEN","CTNNB1",1855586,1852818,"9606.ENSP00000361021","9606.ENSP00000344456",0,0,0,0,0.061,0.391,0,0.66,0.789,"Cerebro"
"FOXM1","MKI67",1854841,1852579,"9606.ENSP00000357643","9606.ENSP00000342307",0,0,0,0,0.754,0,0,0.15,0.782,"Cerebro"
"VEGFA","MYCN",1855611,1846701,"9606.ENSP00000361125","9606.ENSP00000281043",0,0,0,0,0,0,0,0.781,0.781,"Cerebro"
"PIK3R1","PTEN",1855586,1846375,"9606.ENSP00000361021","9606.ENSP00000274335",0,0,0,0,0.094,0.292,0,0.676,0.774,"Cerebro"
"TP53","DNMT3A",1846083,1845601,"9606.ENSP00000269305","9606.ENSP00000264709",0,0,0,0,0.054,0,0,0.767,0.77,"Cerebro"
"TP53","FOXM1",1852579,1846083,"9606.ENSP00000342307","9606.ENSP00000269305",0,0,0,0,0.094,0,0,0.756,0.769,"Cerebro"
"PIK3CA","NOTCH1",1846535,1845446,"9606.ENSP00000277541","9606.ENSP00000263967",0,0,0,0,0.056,0.362,0,0.647,0.769,"Cerebro"
"RB1","ARID1A",1850249,1845924,"9606.ENSP00000320485","9606.ENSP00000267163",0,0,0,0,0.053,0,0.72,0.172,0.761,"Cerebro"
"CTNNB1","NANOG",1852818,1843195,"9606.ENSP00000344456","9606.ENSP00000229307",0,0,0,0,0,0.129,0,0.736,0.76,"Cerebro"
"TP53","ARID1A",1850249,1846083,"9606.ENSP00000320485","9606.ENSP00000269305",0,0,0,0,0,0.36,0,0.638,0.759,"Cerebro"
"TP53","TOP2A",1860923,1846083,"9606.ENSP00000411532","9606.ENSP00000269305",0,0,0,0,0.071,0.36,0,0.628,0.759,"Cerebro"
"EGFR","CDKN2A",1859838,1846445,"9606.ENSP00000394932","9606.ENSP00000275493",0,0,0,0,0.054,0.139,0,0.727,0.758,"Cerebro"
"EP300","CDH1",1845316,1844988,"9606.ENSP00000263253","9606.ENSP00000261769",0,0,0,0,0.053,0.357,0,0.628,0.754,"Cerebro"
"TP53","CTNNB1",1852818,1846083,"9606.ENSP00000344456","9606.ENSP00000269305",0,0,0,0,0,0,0,0.749,0.749,"Cerebro"
"CTNNB1","TOP2A",1860923,1852818,"9606.ENSP00000411532","9606.ENSP00000344456",0,0,0,0,0.096,0.36,0,0.597,0.747,"Cerebro"
"TP53","SETD2",1859200,1846083,"9606.ENSP00000386759","9606.ENSP00000269305",0,0,0,0,0,0.378,0,0.601,0.742,"Cerebro"
"PIK3CA","CCL2",1845446,1843055,"9606.ENSP00000263967","9606.ENSP00000225831",0,0,0,0,0,0,0,0.741,0.741,"Cerebro"
"RB1","CDH1",1845924,1844988,"9606.ENSP00000267163","9606.ENSP00000261769",0,0,0,0,0,0,0,0.74,0.74,"Cerebro"
"PTEN","MYCN",1855586,1846701,"9606.ENSP00000361021","9606.ENSP00000281043",0,0,0,0,0,0,0,0.739,0.739,"Cerebro"
"VEGFA","TERT",1855611,1849199,"9606.ENSP00000361125","9606.ENSP00000309572",0,0,0,0,0,0,0,0.738,0.738,"Cerebro"
"TP53","CCL2",1846083,1843055,"9606.ENSP00000269305","9606.ENSP00000225831",0,0,0,0,0.042,0,0,0.737,0.738,"Cerebro"
"TP53","RPL5",1855221,1846083,"9606.ENSP00000359345","9606.ENSP00000269305",0,0,0,0,0,0.359,0,0.599,0.732,"Cerebro"
"PIK3R1","PIK3C2G",1846375,1845872,"9606.ENSP00000274335","9606.ENSP00000266497",0,0,0,0,0.057,0.372,0.54,0.135,0.732,"Cerebro"
"RB1","RBBP6",1849988,1845924,"9606.ENSP00000317872","9606.ENSP00000267163",0,0,0,0,0.055,0.324,0,0.611,0.73,"Cerebro"
"NOTCH1","SOX9",1846535,1843760,"9606.ENSP00000277541","9606.ENSP00000245479",0,0,0,0,0.046,0,0,0.726,0.728,"Cerebro"
"MYC","NANOG",1856789,1843195,"9606.ENSP00000367207","9606.ENSP00000229307",0,0,0,0,0,0,0,0.722,0.722,"Cerebro"
"SMARCA4","KAT6B",1853627,1847060,"9606.ENSP00000350720","9606.ENSP00000287239",0,0,0,0,0.093,0.402,0,0.527,0.721,"Cerebro"
"SMARCA4","SETD2",1859200,1853627,"9606.ENSP00000386759","9606.ENSP00000350720",0,0,0,0,0.284,0.292,0,0.492,0.72,"Cerebro"
"SMARCA4","MLL2",1853627,1848242,"9606.ENSP00000350720","9606.ENSP00000301067",0,0,0,0,0.093,0.292,0,0.594,0.716,"Cerebro"
"RB1","MYCN",1846701,1845924,"9606.ENSP00000281043","9606.ENSP00000267163",0,0,0,0,0,0,0,0.716,0.716,"Cerebro"
"PIK3CA","TPTE2",1857590,1845446,"9606.ENSP00000372437","9606.ENSP00000263967",0,0,0,0,0.055,0.293,0,0.584,0.698,"Cerebro"
"H3F3A","ATRX",1855886,1854454,"9606.ENSP00000362441","9606.ENSP00000355778",0,0,0,0,0,0.458,0,0.463,0.697,"Cerebro"
"PIK3CA","FOXM1",1852579,1845446,"9606.ENSP00000342307","9606.ENSP00000263967",0,0,0,0,0,0.098,0,0.669,0.689,"Cerebro"
"PTEN","FOXM1",1855586,1852579,"9606.ENSP00000361021","9606.ENSP00000342307",0,0,0,0,0,0.108,0,0.664,0.688,"Cerebro"
"CTNNB1","KRAS",1852818,1844404,"9606.ENSP00000344456","9606.ENSP00000256078",0,0,0,0,0.054,0.095,0,0.663,0.686,"Cerebro"
"EP300","KAT6B",1847060,1845316,"9606.ENSP00000287239","9606.ENSP00000263253",0,0,0,0,0.118,0.172,0,0.603,0.685,"Cerebro"
"RB1","TOP2A",1860923,1845924,"9606.ENSP00000411532","9606.ENSP00000267163",0,0,0,0,0.25,0.36,0,0.393,0.683,"Cerebro"
"CDKN2A","CDH1",1859838,1844988,"9606.ENSP00000394932","9606.ENSP00000261769",0,0,0,0,0,0,0,0.682,0.682,"Cerebro"
"TP53","PTPN11",1852389,1846083,"9606.ENSP00000340944","9606.ENSP00000269305",0,0,0,0,0,0,0,0.682,0.682,"Cerebro"
"CDKN2A","SMARCA4",1859838,1853627,"9606.ENSP00000394932","9606.ENSP00000350720",0,0,0,0,0.054,0.446,0,0.437,0.68,"Cerebro"
"TP53","ATRX",1855886,1846083,"9606.ENSP00000362441","9606.ENSP00000269305",0,0,0,0,0,0.38,0,0.499,0.676,"Cerebro"
"EGFR","RB1",1846445,1845924,"9606.ENSP00000275493","9606.ENSP00000267163",0,0,0,0,0,0,0,0.673,0.673,"Cerebro"
"H3F3A","SETD2",1859200,1854454,"9606.ENSP00000386759","9606.ENSP00000355778",0,0,0,0,0.054,0.295,0,0.545,0.67,"Cerebro"
"VEGFA","FOXM1",1855611,1852579,"9606.ENSP00000361125","9606.ENSP00000342307",0,0,0,0,0,0,0,0.669,0.669,"Cerebro"
"SLC6A3","STX1A",1846148,1842945,"9606.ENSP00000270349","9606.ENSP00000222812",0,0,0,0,0.045,0.528,0,0.323,0.668,"Cerebro"
"SLC6A3","MGP",1846148,1843175,"9606.ENSP00000270349","9606.ENSP00000228938",0,0,0,0,0.054,0,0,0.663,0.667,"Cerebro"
"MYC","CCL2",1856789,1843055,"9606.ENSP00000367207","9606.ENSP00000225831",0,0,0,0,0.054,0,0,0.661,0.665,"Cerebro"
"NOTCH1","CD44",1860096,1846535,"9606.ENSP00000398632","9606.ENSP00000277541",0,0,0,0,0,0,0,0.663,0.663,"Cerebro"
"EIF1AX","DDX3X",1858776,1857062,"9606.ENSP00000382840","9606.ENSP00000368927",0,0,0,0,0.55,0,0,0.281,0.663,"Cerebro"
"SMARCA4","EP300",1853627,1845316,"9606.ENSP00000350720","9606.ENSP00000263253",0,0,0,0,0.1,0.197,0,0.57,0.662,"Cerebro"
"VEGFA","MGP",1855611,1843175,"9606.ENSP00000361125","9606.ENSP00000228938",0,0,0,0,0,0,0,0.662,0.662,"Cerebro"
"SMARCA4","PIK3CA",1853627,1845446,"9606.ENSP00000350720","9606.ENSP00000263967",0,0,0,0,0.126,0.381,0,0.426,0.662,"Cerebro"
"NOTCH1","KRAS",1846535,1844404,"9606.ENSP00000277541","9606.ENSP00000256078",0,0,0,0,0.049,0.128,0,0.623,0.66,"Cerebro"
"NF1","FOXM1",1853658,1852579,"9606.ENSP00000351015","9606.ENSP00000342307",0,0,0,0,0.045,0,0,0.659,0.66,"Cerebro"
"TERT","KRAS",1849199,1844404,"9606.ENSP00000309572","9606.ENSP00000256078",0,0,0,0,0,0,0,0.659,0.659,"Cerebro"
"H3F3A","CREBBP",1854454,1845124,"9606.ENSP00000355778","9606.ENSP00000262367",0,0,0,0,0.064,0.533,0,0.277,0.657,"Cerebro"
"EGFR","MYCN",1846701,1846445,"9606.ENSP00000281043","9606.ENSP00000275493",0,0,0,0,0,0,0,0.656,0.656,"Cerebro"
"PTPN11","IL4R",1852389,1842312,"9606.ENSP00000340944","9606.ENSP00000170630",0,0,0,0,0.046,0.285,0,0.537,0.656,"Cerebro"
"NOTCH1","PTCH1",1851463,1846535,"9606.ENSP00000332353","9606.ENSP00000277541",0,0,0,0,0.054,0.073,0,0.636,0.653,"Cerebro"
"ATRX","CREBBP",1855886,1845124,"9606.ENSP00000362441","9606.ENSP00000262367",0,0,0,0,0.243,0.197,0,0.472,0.651,"Cerebro"
"CDH1","SOX9",1844988,1843760,"9606.ENSP00000261769","9606.ENSP00000245479",0,0,0,0,0,0,0,0.651,0.651,"Cerebro"
"KAT6B","CREBBP",1847060,1845124,"9606.ENSP00000287239","9606.ENSP00000262367",0,0,0,0,0.089,0.172,0,0.57,0.647,"Cerebro"
"CDH1","KRAS",1844988,1844404,"9606.ENSP00000261769","9606.ENSP00000256078",0,0,0,0,0,0,0,0.647,0.647,"Cerebro"
"PIK3CA","RB1",1845924,1845446,"9606.ENSP00000267163","9606.ENSP00000263967",0,0,0,0,0.066,0,0,0.637,0.646,"Cerebro"
"PTEN","RB1",1855586,1845924,"9606.ENSP00000361021","9606.ENSP00000267163",0,0,0,0,0.074,0,0,0.632,0.645,"Cerebro"
"CAMK2G","STX1A",1850110,1842945,"9606.ENSP00000319060","9606.ENSP00000222812",0,0,0,0,0.054,0.169,0,0.583,0.644,"Cerebro"
"MYC","FOXM1",1856789,1852579,"9606.ENSP00000367207","9606.ENSP00000342307",0,0,0,0,0,0.344,0,0.475,0.641,"Cerebro"
"MYC","TGFA",1856789,1847571,"9606.ENSP00000367207","9606.ENSP00000295400",0,0,0,0,0,0,0,0.64,0.64,"Cerebro"
"MYC","ABCG2",1856789,1843466,"9606.ENSP00000367207","9606.ENSP00000237612",0,0,0,0,0,0,0,0.64,0.64,"Cerebro"
"SMARCA4","NANOG",1853627,1843195,"9606.ENSP00000350720","9606.ENSP00000229307",0,0,0,0,0,0.094,0,0.616,0.637,"Cerebro"
"PIK3CA","EP300",1845446,1845316,"9606.ENSP00000263967","9606.ENSP00000263253",0,0,0,0,0.156,0.173,0,0.518,0.635,"Cerebro"
"TOP2A","ATRX",1860923,1855886,"9606.ENSP00000411532","9606.ENSP00000362441",0,0,0,0,0.237,0.191,0,0.456,0.635,"Cerebro"
"VEGFA","RB1",1855611,1845924,"9606.ENSP00000361125","9606.ENSP00000267163",0,0,0,0,0,0,0,0.63,0.63,"Cerebro"
"TP53","IDH1",1846083,1844837,"9606.ENSP00000269305","9606.ENSP00000260985",0,0,0,0,0,0,0,0.63,0.63,"Cerebro"
"MYC","CD44",1860096,1856789,"9606.ENSP00000398632","9606.ENSP00000367207",0,0,0,0,0,0,0,0.63,0.63,"Cerebro"
"PIK3CA","MYCN",1846701,1845446,"9606.ENSP00000281043","9606.ENSP00000263967",0,0,0,0,0,0,0,0.628,0.628,"Cerebro"
"PTEN","ABCG2",1855586,1843466,"9606.ENSP00000361021","9606.ENSP00000237612",0,0,0,0,0.053,0,0,0.622,0.627,"Cerebro"
"MYCN","DNMT3A",1846701,1845601,"9606.ENSP00000281043","9606.ENSP00000264709",0,0,0,0,0,0.156,0,0.575,0.626,"Cerebro"
"EP300","SETD2",1859200,1845316,"9606.ENSP00000386759","9606.ENSP00000263253",0,0,0,0,0.215,0.412,0,0.252,0.625,"Cerebro"
"MYCN","CCL2",1846701,1843055,"9606.ENSP00000281043","9606.ENSP00000225831",0,0,0,0,0.054,0,0,0.616,0.621,"Cerebro"
"TGFA","CDH1",1847571,1844988,"9606.ENSP00000295400","9606.ENSP00000261769",0,0,0,0,0,0,0,0.613,0.613,"Cerebro"
"TP53","MKI67",1854841,1846083,"9606.ENSP00000357643","9606.ENSP00000269305",0,0,0,0,0.092,0,0,0.589,0.611,"Cerebro"
"PIK3CA","TERT",1849199,1845446,"9606.ENSP00000309572","9606.ENSP00000263967",0,0,0,0,0.053,0.292,0,0.467,0.611,"Cerebro"
"SMARCA4","CDH1",1853627,1844988,"9606.ENSP00000350720","9606.ENSP00000261769",0,0,0,0,0.053,0.2,0,0.52,0.605,"Cerebro"
"PTEN","CCL2",1855586,1843055,"9606.ENSP00000361021","9606.ENSP00000225831",0,0,0,0,0.052,0,0,0.6,0.604,"Cerebro"
"NRAS","PTEN",1855586,1855051,"9606.ENSP00000361021","9606.ENSP00000358548",0,0,0,0,0.053,0.164,0,0.539,0.603,"Cerebro"
"FOXM1","CDH1",1852579,1844988,"9606.ENSP00000342307","9606.ENSP00000261769",0,0,0,0,0,0,0,0.602,0.602,"Cerebro"
"TP53","SUFU",1855131,1846083,"9606.ENSP00000358918","9606.ENSP00000269305",0,0,0,0,0,0,0,0.602,0.602,"Cerebro"
"EP300","SOX9",1845316,1843760,"9606.ENSP00000263253","9606.ENSP00000245479",0,0,0,0,0.066,0.396,0,0.35,0.601,"Cerebro"
"EGFR","TP63",1846445,1845611,"9606.ENSP00000275493","9606.ENSP00000264731",0,0,0,0,0,0,0,0.601,0.601,"Cerebro"
"SYT1","CAMK2G",1850110,1844863,"9606.ENSP00000319060","9606.ENSP00000261205",0,0,0,0,0.096,0,0,0.575,0.6,"Cerebro"
"CDKN2A","TERT",1859838,1849199,"9606.ENSP00000394932","9606.ENSP00000309572",0,0,0,0,0.084,0,0,0.58,0.598,"Cerebro"
"NANOG","CDH1",1844988,1843195,"9606.ENSP00000261769","9606.ENSP00000229307",0,0,0,0,0.053,0.043,0,0.588,0.594,"Cerebro"
"EGFR","CAMK2G",1850110,1846445,"9606.ENSP00000319060","9606.ENSP00000275493",0,0,0,0,0.053,0.36,0,0.384,0.594,"Cerebro"
"H3F3A","KAT6B",1854454,1847060,"9606.ENSP00000355778","9606.ENSP00000287239",0,0,0,0,0.055,0.183,0,0.515,0.593,"Cerebro"
"ARID1A","ARID2",1851800,1850249,"9606.ENSP00000335044","9606.ENSP00000320485",0,0,0,0.608,0.174,0.071,0.36,0.621,0.593,"Cerebro"
"BRAF","PIK3CA",1847131,1845446,"9606.ENSP00000288602","9606.ENSP00000263967",0,0,0,0,0.226,0,0,0.494,0.592,"Cerebro"
"PIK3R1","KRAS",1846375,1844404,"9606.ENSP00000274335","9606.ENSP00000256078",0,0,0,0,0.087,0.169,0,0.504,0.591,"Cerebro"
"NRAS","TP53",1855051,1846083,"9606.ENSP00000358548","9606.ENSP00000269305",0,0,0,0,0,0,0,0.59,0.59,"Cerebro"
"SMARCA4","DDX5",1853627,1843052,"9606.ENSP00000350720","9606.ENSP00000225792",0,0,0,0,0.074,0.328,0,0.394,0.59,"Cerebro"
"GLI2","CDH1",1854160,1844988,"9606.ENSP00000354586","9606.ENSP00000261769",0,0,0,0,0,0,0,0.589,0.589,"Cerebro"
"NOTCH1","TCF12",1851305,1846535,"9606.ENSP00000331057","9606.ENSP00000277541",0,0,0,0,0.052,0.311,0,0.42,0.588,"Cerebro"
"TOP2A","DDX5",1860923,1843052,"9606.ENSP00000411532","9606.ENSP00000225792",0,0,0,0,0.074,0.104,0,0.543,0.587,"Cerebro"
"CD44","CCL2",1860096,1843055,"9606.ENSP00000398632","9606.ENSP00000225831",0,0,0,0,0.074,0,0,0.573,0.587,"Cerebro"
"NOTCH1","NANOG",1846535,1843195,"9606.ENSP00000277541","9606.ENSP00000229307",0,0,0,0,0,0.067,0,0.575,0.586,"Cerebro"
"MKI67","CDH1",1854841,1844988,"9606.ENSP00000357643","9606.ENSP00000261769",0,0,0,0,0,0,0,0.586,0.586,"Cerebro"
"EGFR","SOX9",1846445,1843760,"9606.ENSP00000275493","9606.ENSP00000245479",0,0,0,0,0.055,0,0,0.577,0.583,"Cerebro"
"EP300","TCF12",1851305,1845316,"9606.ENSP00000331057","9606.ENSP00000263253",0,0,0,0,0.067,0.407,0,0.305,0.582,"Cerebro"
"VEGFA","CAMK2G",1855611,1850110,"9606.ENSP00000361125","9606.ENSP00000319060",0,0,0,0,0,0,0,0.581,0.581,"Cerebro"
"NRAS","CDKN2A",1859838,1855051,"9606.ENSP00000394932","9606.ENSP00000358548",0,0,0,0,0.049,0.12,0,0.539,0.581,"Cerebro"
"ARID1A","ABCD1",1850249,1842693,"9606.ENSP00000320485","9606.ENSP00000218104",0,0,0,0,0,0,0,0.58,0.58,"Cerebro"
"PTEN","SMARCA4",1855586,1853627,"9606.ENSP00000361021","9606.ENSP00000350720",0,0,0,0,0.056,0.057,0,0.562,0.577,"Cerebro"
"CD44","ABCG2",1860096,1843466,"9606.ENSP00000398632","9606.ENSP00000237612",0,0,0,0,0,0,0,0.576,0.576,"Cerebro"
"CTNNB1","GLI2",1854160,1852818,"9606.ENSP00000354586","9606.ENSP00000344456",0,0,0,0,0.058,0.292,0,0.416,0.576,"Cerebro"
"EEF1A1","KRAS",1851211,1844404,"9606.ENSP00000330054","9606.ENSP00000256078",0,0,0,0,0,0.149,0,0.519,0.574,"Cerebro"
"TP53","PTCH1",1851463,1846083,"9606.ENSP00000332353","9606.ENSP00000269305",0,0,0,0,0,0,0,0.574,0.574,"Cerebro"
"TP53","ABCG2",1846083,1843466,"9606.ENSP00000269305","9606.ENSP00000237612",0,0,0,0,0,0,0,0.574,0.574,"Cerebro"
"CTNNB1","CD44",1860096,1852818,"9606.ENSP00000398632","9606.ENSP00000344456",0,0,0,0,0,0,0,0.574,0.574,"Cerebro"
"PIK3CA","CD44",1860096,1845446,"9606.ENSP00000398632","9606.ENSP00000263967",0,0,0,0,0,0,0,0.573,0.573,"Cerebro"
"CTNNB1","FOXM1",1852818,1852579,"9606.ENSP00000344456","9606.ENSP00000342307",0,0,0,0,0,0.398,0,0.319,0.572,"Cerebro"
"PTEN","NF1",1855586,1853658,"9606.ENSP00000361021","9606.ENSP00000351015",0,0,0,0,0.079,0,0,0.551,0.569,"Cerebro"
"SMARCA4","PIK3C2G",1853627,1845872,"9606.ENSP00000350720","9606.ENSP00000266497",0,0,0,0,0.126,0.381,0,0.269,0.569,"Cerebro"
"EGFR","MKI67",1854841,1846445,"9606.ENSP00000357643","9606.ENSP00000275493",0,0,0,0,0,0,0,0.566,0.566,"Cerebro"
"PIK3CA","PIK3C2G",1845872,1845446,"9606.ENSP00000266497","9606.ENSP00000263967",0,0,0,0.706,0.048,0,0.54,0.204,0.566,"Cerebro"
"CSNK2B","CLIP1",1856397,1848555,"9606.ENSP00000365025","9606.ENSP00000303585",0,0,0,0,0,0.285,0,0.417,0.565,"Cerebro"
"EP300","ATRX",1855886,1845316,"9606.ENSP00000362441","9606.ENSP00000263253",0,0,0,0,0.144,0.197,0,0.417,0.565,"Cerebro"
"PIK3CA","CREBBP",1845446,1845124,"9606.ENSP00000263967","9606.ENSP00000262367",0,0,0,0,0.237,0.173,0,0.363,0.564,"Cerebro"
"CTNNB1","CDKN2A",1859838,1852818,"9606.ENSP00000394932","9606.ENSP00000344456",0,0,0,0,0,0.047,0,0.559,0.562,"Cerebro"
"MYC","DDX5",1856789,1843052,"9606.ENSP00000367207","9606.ENSP00000225792",0,0,0,0,0.045,0,0,0.559,0.561,"Cerebro"
"BRAF","LZTR1",1847131,1842500,"9606.ENSP00000288602","9606.ENSP00000215739",0,0,0,0,0.093,0,0,0.535,0.56,"Cerebro"
"FOXM1","SOX9",1852579,1843760,"9606.ENSP00000342307","9606.ENSP00000245479",0,0,0,0,0,0.097,0,0.531,0.559,"Cerebro"
"TP53","DDX5",1846083,1843052,"9606.ENSP00000269305","9606.ENSP00000225792",0,0,0,0,0,0.374,0,0.319,0.556,"Cerebro"
"RPL5","TOP2A",1860923,1855221,"9606.ENSP00000411532","9606.ENSP00000359345",0,0,0,0,0.126,0,0,0.513,0.556,"Cerebro"
"RB1","FOXM1",1852579,1845924,"9606.ENSP00000342307","9606.ENSP00000267163",0,0,0,0,0,0.326,0,0.364,0.553,"Cerebro"
"CREBBP","SOX9",1845124,1843760,"9606.ENSP00000262367","9606.ENSP00000245479",0,0,0,0,0.066,0.398,0,0.267,0.552,"Cerebro"
"SMARCA4","CD44",1860096,1853627,"9606.ENSP00000398632","9606.ENSP00000350720",0,0,0,0,0,0,0,0.55,0.55,"Cerebro"
"ARID2","ATRX",1855886,1851800,"9606.ENSP00000362441","9606.ENSP00000335044",0,0,0,0,0.515,0.066,0,0.077,0.547,"Cerebro"
"TP53","EPHA3",1852002,1846083,"9606.ENSP00000337451","9606.ENSP00000269305",0,0,0,0,0,0.374,0,0.306,0.547,"Cerebro"
"TP53","ITGA2",1847760,1846083,"9606.ENSP00000296585","9606.ENSP00000269305",0,0,0,0,0,0,0,0.546,0.546,"Cerebro"
"NANOG","ABCG2",1843466,1843195,"9606.ENSP00000237612","9606.ENSP00000229307",0,0,0,0,0,0,0,0.546,0.546,"Cerebro"
"DDX3X","KRAS",1858776,1844404,"9606.ENSP00000382840","9606.ENSP00000256078",0,0,0,0,0.092,0,0,0.521,0.546,"Cerebro"
"MLL2","MAX",1853721,1848242,"9606.ENSP00000351490","9606.ENSP00000301067",0,0,0,0,0.121,0.503,0,0,0.545,"Cerebro"
"EGFR","SMARCA4",1853627,1846445,"9606.ENSP00000350720","9606.ENSP00000275493",0,0,0,0,0.053,0,0,0.538,0.544,"Cerebro"
"PTEN","PTPN11",1855586,1852389,"9606.ENSP00000361021","9606.ENSP00000340944",0,0,0,0,0.056,0.096,0,0.508,0.544,"Cerebro"
"CTNNB1","DLL4",1852818,1843973,"9606.ENSP00000344456","9606.ENSP00000249749",0,0,0,0,0.043,0.052,0,0.536,0.543,"Cerebro"
"MYC","RPL5",1856789,1855221,"9606.ENSP00000367207","9606.ENSP00000359345",0,0,0,0,0,0,0,0.543,0.543,"Cerebro"
"CDKN2A","EP300",1859838,1845316,"9606.ENSP00000394932","9606.ENSP00000263253",0,0,0,0,0,0.097,0,0.515,0.543,"Cerebro"
"GLI2","BCOR",1856870,1854160,"9606.ENSP00000367705","9606.ENSP00000354586",0,0,0,0,0,0.528,0,0.066,0.541,"Cerebro"
"TP53","DDX3X",1858776,1846083,"9606.ENSP00000382840","9606.ENSP00000269305",0,0,0,0,0,0,0,0.54,0.54,"Cerebro"
"DNMT3A","IDH1",1845601,1844837,"9606.ENSP00000264709","9606.ENSP00000260985",0,0,0,0,0,0,0,0.54,0.54,"Cerebro"
"VEGFA","ITGA2",1855611,1847760,"9606.ENSP00000361125","9606.ENSP00000296585",0,0,0,0,0,0,0,0.539,0.539,"Cerebro"
"FOXM1","KRAS",1852579,1844404,"9606.ENSP00000342307","9606.ENSP00000256078",0,0,0,0,0,0,0,0.537,0.538,"Cerebro"
"MLL2","H3F3A",1854454,1848242,"9606.ENSP00000355778","9606.ENSP00000301067",0,0,0,0,0.054,0.259,0,0.392,0.537,"Cerebro"
"H3F3A","TOP2A",1860923,1854454,"9606.ENSP00000411532","9606.ENSP00000355778",0,0,0,0,0.105,0.279,0,0.338,0.536,"Cerebro"
"EP300","NANOG",1845316,1843195,"9606.ENSP00000263253","9606.ENSP00000229307",0,0,0,0,0,0.36,0,0.304,0.535,"Cerebro"
"EP300","DDX5",1845316,1843052,"9606.ENSP00000263253","9606.ENSP00000225792",0,0,0,0,0.123,0.378,0,0.215,0.535,"Cerebro"
"GLI2","NOTCH1",1854160,1846535,"9606.ENSP00000354586","9606.ENSP00000277541",0,0,0,0,0.067,0.114,0,0.481,0.534,"Cerebro"
"DLL4","CCL2",1843973,1843055,"9606.ENSP00000249749","9606.ENSP00000225831",0,0,0,0,0,0,0,0.532,0.532,"Cerebro"
"CDKN2A","TP63",1859838,1845611,"9606.ENSP00000394932","9606.ENSP00000264731",0,0,0,0,0.053,0.36,0,0.287,0.531,"Cerebro"
"EP300","H3F3A",1854454,1845316,"9606.ENSP00000355778","9606.ENSP00000263253",0,0,0,0,0.082,0.318,0,0.311,0.531,"Cerebro"
"ARID1A","CDH1",1850249,1844988,"9606.ENSP00000320485","9606.ENSP00000261769",0,0,0,0,0,0,0,0.53,0.53,"Cerebro"
"CREBBP","DDX5",1845124,1843052,"9606.ENSP00000262367","9606.ENSP00000225792",0,0,0,0,0.123,0.378,0,0.206,0.53,"Cerebro"
"RB1","KRAS",1845924,1844404,"9606.ENSP00000267163","9606.ENSP00000256078",0,0,0,0,0,0.061,0,0.516,0.526,"Cerebro"
"H3F3A","DNMT3A",1854454,1845601,"9606.ENSP00000355778","9606.ENSP00000264709",0,0,0,0,0,0.38,0,0.267,0.526,"Cerebro"
"PTPN11","NF1",1853658,1852389,"9606.ENSP00000351015","9606.ENSP00000340944",0,0,0,0,0.083,0,0,0.503,0.525,"Cerebro"
"MYC","MYCN",1856789,1846701,"9606.ENSP00000367207","9606.ENSP00000281043",0,0,0,0.711,0,0.36,0,0.895,0.524,"Cerebro"
"NRAS","NOTCH1",1855051,1846535,"9606.ENSP00000358548","9606.ENSP00000277541",0,0,0,0,0.049,0.128,0,0.471,0.523,"Cerebro"
"CDKN2A","NOTCH1",1859838,1846535,"9606.ENSP00000394932","9606.ENSP00000277541",0,0,0,0,0,0,0,0.523,0.523,"Cerebro"
"NOTCH1","RB1",1846535,1845924,"9606.ENSP00000277541","9606.ENSP00000267163",0,0,0,0,0,0.092,0,0.495,0.522,"Cerebro"
"EGFR","NF1",1853658,1846445,"9606.ENSP00000351015","9606.ENSP00000275493",0,0,0,0,0,0,0,0.521,0.521,"Cerebro"
"EGFR","PTCH1",1851463,1846445,"9606.ENSP00000332353","9606.ENSP00000275493",0,0,0,0,0.055,0.133,0,0.462,0.521,"Cerebro"
"PIK3R1","EP300",1846375,1845316,"9606.ENSP00000274335","9606.ENSP00000263253",0,0,0,0,0.107,0.399,0,0.177,0.52,"Cerebro"
"KRT15","KRT13",1844266,1843827,"9606.ENSP00000254043","9606.ENSP00000246635",0,0,0,0.973,0.507,0,0,0.816,0.518,"Cerebro"
"NANOG","DNMT3A",1845601,1843195,"9606.ENSP00000264709","9606.ENSP00000229307",0,0,0,0,0,0.068,0,0.504,0.518,"Cerebro"
"ABCG2","ABCD1",1843466,1842693,"9606.ENSP00000237612","9606.ENSP00000218104",0,0,0,0,0.056,0,0,0.509,0.517,"Cerebro"
"EIF1AX","TOP2A",1860923,1857062,"9606.ENSP00000411532","9606.ENSP00000368927",0.054,0,0,0,0.053,0,0,0.504,0.516,"Cerebro"
"NRAS","MYC",1856789,1855051,"9606.ENSP00000367207","9606.ENSP00000358548",0,0,0,0,0,0,0,0.515,0.515,"Cerebro"
"CDKN2A","NF1",1859838,1853658,"9606.ENSP00000394932","9606.ENSP00000351015",0,0,0,0,0,0,0,0.515,0.515,"Cerebro"
"CTNNB1","TCF12",1852818,1851305,"9606.ENSP00000344456","9606.ENSP00000331057",0,0,0,0,0.054,0.349,0,0.274,0.514,"Cerebro"
"CTNNB1","DDX5",1852818,1843052,"9606.ENSP00000344456","9606.ENSP00000225792",0,0,0,0,0.092,0.359,0,0.231,0.514,"Cerebro"
"CDKN2A","DNMT3A",1859838,1845601,"9606.ENSP00000394932","9606.ENSP00000264709",0,0,0,0,0,0.061,0,0.501,0.511,"Cerebro"
"FOXM1","CREBBP",1852579,1845124,"9606.ENSP00000342307","9606.ENSP00000262367",0,0,0,0,0,0.345,0,0.282,0.51,"Cerebro"
"RB1","DNMT3A",1845924,1845601,"9606.ENSP00000267163","9606.ENSP00000264709",0,0,0,0,0,0.285,0,0.344,0.51,"Cerebro"
"PTEN","BRAF",1855586,1847131,"9606.ENSP00000361021","9606.ENSP00000288602",0,0,0,0,0.19,0.173,0,0.324,0.508,"Cerebro"
"PIK3CA","NF1",1853658,1845446,"9606.ENSP00000351015","9606.ENSP00000263967",0,0,0,0,0.115,0,0,0.463,0.505,"Cerebro"
"EGFR","ABCG2",1846445,1843466,"9606.ENSP00000275493","9606.ENSP00000237612",0,0,0,0,0,0,0,0.505,0.505,"Cerebro"
"MYCN","KRAS",1846701,1844404,"9606.ENSP00000281043","9606.ENSP00000256078",0,0,0,0,0.043,0,0,0.503,0.504,"Cerebro"
"IDH2","DNMT3A",1851406,1845601,"9606.ENSP00000331897","9606.ENSP00000264709",0,0,0,0,0,0,0,0.504,0.504,"Cerebro"
"MYC","NF1",1856789,1853658,"9606.ENSP00000367207","9606.ENSP00000351015",0,0,0,0,0,0,0,0.504,0.504,"Cerebro"
"TP53","STAG2",1846083,1842691,"9606.ENSP00000269305","9606.ENSP00000218089",0,0,0,0,0,0,0,0.504,0.504,"Cerebro"
"NOTCH1","MYCN",1846701,1846535,"9606.ENSP00000281043","9606.ENSP00000277541",0,0,0,0,0,0,0,0.504,0.504,"Cerebro"
"TCF12","CREBBP",1851305,1845124,"9606.ENSP00000331057","9606.ENSP00000262367",0,0,0,0,0.067,0.395,0,0.189,0.503,"Cerebro"
"TP53","GFI1",1847499,1846083,"9606.ENSP00000294702","9606.ENSP00000269305",0,0,0,0,0,0.37,0,0.242,0.503,"Cerebro"
"NOTCH1","ITGA2",1847760,1846535,"9606.ENSP00000296585","9606.ENSP00000277541",0,0,0,0,0,0,0,0.503,0.503,"Cerebro"
"PTEN","CD44",1860096,1855586,"9606.ENSP00000398632","9606.ENSP00000361021",0,0,0,0,0,0,0,0.503,0.503,"Cerebro"
"SMARCA4","NOTCH1",1853627,1846535,"9606.ENSP00000350720","9606.ENSP00000277541",0,0,0,0,0.059,0.191,0,0.398,0.502,"Cerebro"
"PTPN11","TERT",1852389,1849199,"9606.ENSP00000340944","9606.ENSP00000309572",0,0,0,0,0.054,0,0,0.495,0.501,"Cerebro"
"MYC","TOP2A",1860923,1856789,"9606.ENSP00000411532","9606.ENSP00000367207",0,0,0,0,0.053,0.08,0,0.472,0.5,"Cerebro"
"TP53","RNF168",1850293,1846083,"9606.ENSP00000320898","9606.ENSP00000269305",0,0,0,0,0,0.324,0,0.29,0.5,"Cerebro"
"PTEN","EPHA3",1855586,1852002,"9606.ENSP00000361021","9606.ENSP00000337451",0,0,0,0,0.09,0.295,0,0.282,0.499,"Cerebro"
"PTEN","EP300",1855586,1845316,"9606.ENSP00000361021","9606.ENSP00000263253",0,0,0,0,0.1,0.057,0,0.457,0.499,"Cerebro"
"PIK3CA","TOP2A",1860923,1845446,"9606.ENSP00000411532","9606.ENSP00000263967",0,0,0,0,0.104,0.166,0,0.382,0.498,"Cerebro"
"PIK3R1","TPTE2",1857590,1846375,"9606.ENSP00000372437","9606.ENSP00000274335",0,0,0,0,0.061,0.258,0,0.338,0.498,"Cerebro"
"CTNNB1","PTCH1",1852818,1851463,"9606.ENSP00000344456","9606.ENSP00000332353",0,0,0,0,0.054,0,0,0.49,0.497,"Cerebro"
"SMARCA4","EPHA3",1853627,1852002,"9606.ENSP00000350720","9606.ENSP00000337451",0.048,0,0,0,0.052,0.33,0,0.266,0.497,"Cerebro"
"CTNNB1","RB1",1852818,1845924,"9606.ENSP00000344456","9606.ENSP00000267163",0,0,0,0,0.056,0,0,0.489,0.497,"Cerebro"
"NRAS","LZTR1",1855051,1842500,"9606.ENSP00000358548","9606.ENSP00000215739",0,0,0,0,0.052,0,0,0.491,0.496,"Cerebro"
"CDH1","CREBBP",1845124,1844988,"9606.ENSP00000262367","9606.ENSP00000261769",0,0,0,0,0.053,0.357,0,0.238,0.496,"Cerebro"
"ACAN","CDH1",1859267,1844988,"9606.ENSP00000387356","9606.ENSP00000261769",0,0,0,0,0,0,0,0.495,0.495,"Cerebro"
"EGFR","TCF12",1851305,1846445,"9606.ENSP00000331057","9606.ENSP00000275493",0,0,0,0,0,0.292,0,0.317,0.495,"Cerebro"
"RPL5","DDX5",1855221,1843052,"9606.ENSP00000359345","9606.ENSP00000225792",0,0,0,0,0.126,0.285,0,0.256,0.494,"Cerebro"
"SMARCA4","EPHA7",1854997,1853627,"9606.ENSP00000358309","9606.ENSP00000350720",0.048,0,0,0,0.052,0.33,0,0.258,0.491,"Cerebro"
"RPL5","CSNK2B",1856397,1855221,"9606.ENSP00000365025","9606.ENSP00000359345",0,0,0,0,0.055,0.483,0,0,0.491,"Cerebro"
"CDKN2A","CD44",1860096,1859838,"9606.ENSP00000398632","9606.ENSP00000394932",0,0,0,0,0,0,0,0.492,0.491,"Cerebro"
"RB1","NF1",1853658,1845924,"9606.ENSP00000351015","9606.ENSP00000267163",0,0,0,0,0,0,0,0.492,0.491,"Cerebro"
"MYC","PTPN11",1856789,1852389,"9606.ENSP00000367207","9606.ENSP00000340944",0,0,0,0,0,0,0,0.491,0.491,"Cerebro"
"MYC","FUBP1",1856789,1855347,"9606.ENSP00000367207","9606.ENSP00000359804",0,0,0,0,0.057,0,0,0.482,0.49,"Cerebro"
"SETD2","CREBBP",1859200,1845124,"9606.ENSP00000386759","9606.ENSP00000262367",0,0,0,0,0.283,0.12,0,0.256,0.49,"Cerebro"
"EP300","CD44",1860096,1845316,"9606.ENSP00000398632","9606.ENSP00000263253",0,0,0,0,0,0.325,0,0.273,0.488,"Cerebro"
"CTNNB1","IGFBP4",1852818,1846105,"9606.ENSP00000344456","9606.ENSP00000269593",0,0,0,0,0,0,0,0.488,0.488,"Cerebro"
"CTNNB1","CSNK2B",1856397,1852818,"9606.ENSP00000365025","9606.ENSP00000344456",0,0,0,0,0,0.376,0,0.212,0.487,"Cerebro"
"TOP2A","ADD3",1860923,1853290,"9606.ENSP00000411532","9606.ENSP00000348381",0.058,0,0,0,0,0,0,0.476,0.485,"Cerebro"
"TOP2A","KANSL1",1860923,1845137,"9606.ENSP00000411532","9606.ENSP00000262419",0,0,0,0,0,0,0,0.485,0.485,"Cerebro"
"DDX3X","DDX5",1858776,1843052,"9606.ENSP00000382840","9606.ENSP00000225792",0,0,0.525,0.839,0.321,0.096,0,0.766,0.484,"Cerebro"
"EP300","TP63",1845611,1845316,"9606.ENSP00000264731","9606.ENSP00000263253",0,0,0,0,0.072,0.368,0,0.188,0.483,"Cerebro"
"NIPBL","TOP2A",1860923,1846802,"9606.ENSP00000411532","9606.ENSP00000282516",0,0,0,0,0.441,0,0,0.113,0.483,"Cerebro"
"PIK3CA","ATRX",1855886,1845446,"9606.ENSP00000362441","9606.ENSP00000263967",0,0,0,0,0.266,0.104,0,0.275,0.482,"Cerebro"
"EGFR","CCL2",1846445,1843055,"9606.ENSP00000275493","9606.ENSP00000225831",0,0,0,0,0,0,0,0.481,0.481,"Cerebro"
"EGFR","IDH1",1846445,1844837,"9606.ENSP00000275493","9606.ENSP00000260985",0,0,0,0,0,0,0,0.481,0.481,"Cerebro"
"TP53","IDH2",1851406,1846083,"9606.ENSP00000331897","9606.ENSP00000269305",0,0,0,0,0,0,0,0.481,0.481,"Cerebro"
"MYCN","CDH1",1846701,1844988,"9606.ENSP00000281043","9606.ENSP00000261769",0,0,0,0,0,0,0,0.48,0.48,"Cerebro"
"EGFR","TOP2A",1860923,1846445,"9606.ENSP00000411532","9606.ENSP00000275493",0,0,0,0,0,0,0,0.479,0.479,"Cerebro"
"CTNNB1","DDX3X",1858776,1852818,"9606.ENSP00000382840","9606.ENSP00000344456",0,0,0,0,0.058,0,0,0.468,0.478,"Cerebro"
"SMARCA4","CSNK2B",1856397,1853627,"9606.ENSP00000365025","9606.ENSP00000350720",0,0,0,0,0.066,0.436,0,0.089,0.478,"Cerebro"
"PTEN","TERT",1855586,1849199,"9606.ENSP00000361021","9606.ENSP00000309572",0,0,0,0,0.1,0,0,0.441,0.475,"Cerebro"
"MAX","MYCN",1853721,1846701,"9606.ENSP00000351490","9606.ENSP00000281043",0,0,0,0.729,0,0.368,0,0.634,0.474,"Cerebro"
"TP53","QKI",1854298,1846083,"9606.ENSP00000355094","9606.ENSP00000269305",0,0,0,0,0,0,0,0.473,0.473,"Cerebro"
"EGFR","ITGA2",1847760,1846445,"9606.ENSP00000296585","9606.ENSP00000275493",0,0,0,0,0,0,0,0.471,0.471,"Cerebro"
"QKI","CIC",1854298,1842278,"9606.ENSP00000355094","9606.ENSP00000160740",0,0,0,0,0,0,0,0.47,0.47,"Cerebro"
"NF1","IDH1",1853658,1844837,"9606.ENSP00000351015","9606.ENSP00000260985",0,0,0,0,0,0,0,0.47,0.47,"Cerebro"
"PTPN11","PLCG1",1852389,1843693,"9606.ENSP00000340944","9606.ENSP00000244007",0,0,0,0.628,0.066,0.36,0,0.421,0.469,"Cerebro"
"TP53","RBBP6",1849988,1846083,"9606.ENSP00000317872","9606.ENSP00000269305",0,0,0,0,0,0.324,0,0.244,0.467,"Cerebro"
"EGFR","BRAF",1847131,1846445,"9606.ENSP00000288602","9606.ENSP00000275493",0,0,0,0.626,0,0.292,0,0.676,0.467,"Cerebro"
"NOTCH1","ABCG2",1846535,1843466,"9606.ENSP00000277541","9606.ENSP00000237612",0,0,0,0,0.05,0,0,0.458,0.463,"Cerebro"
"ARID1A","TOP2A",1860923,1850249,"9606.ENSP00000411532","9606.ENSP00000320485",0,0,0,0,0.094,0.397,0,0.088,0.459,"Cerebro"
"TLR6","CCL2",1857458,1843055,"9606.ENSP00000371376","9606.ENSP00000225831",0,0,0,0,0.044,0,0,0.458,0.459,"Cerebro"
"TOP2A","CLCN7",1860923,1857566,"9606.ENSP00000411532","9606.ENSP00000372193",0.064,0,0,0,0.054,0,0,0.438,0.458,"Cerebro"
"TERT","NANOG",1849199,1843195,"9606.ENSP00000309572","9606.ENSP00000229307",0,0,0,0,0,0,0,0.457,0.457,"Cerebro"
"EGFR","CAMK2A",1858598,1846445,"9606.ENSP00000381412","9606.ENSP00000275493",0,0,0,0,0.053,0.36,0,0.173,0.455,"Cerebro"
"EGFR","EP300",1846445,1845316,"9606.ENSP00000275493","9606.ENSP00000263253",0,0,0,0,0,0,0,0.454,0.454,"Cerebro"
"DDX3X","CDH1",1858776,1844988,"9606.ENSP00000382840","9606.ENSP00000261769",0,0,0,0,0.054,0,0,0.446,0.454,"Cerebro"
"CD44","KRAS",1860096,1844404,"9606.ENSP00000398632","9606.ENSP00000256078",0,0,0,0,0,0,0,0.453,0.453,"Cerebro"
"ARID1A","KRAS",1850249,1844404,"9606.ENSP00000320485","9606.ENSP00000256078",0,0,0,0,0.076,0.054,0,0.424,0.453,"Cerebro"
"SMARCA4","ATRX",1855886,1853627,"9606.ENSP00000362441","9606.ENSP00000350720",0,0,0,0.61,0.123,0.197,0,0.659,0.45,"Cerebro"
"TP53","GLI2",1854160,1846083,"9606.ENSP00000354586","9606.ENSP00000269305",0,0,0,0,0,0.057,0,0.441,0.45,"Cerebro"
"NF1","MYCN",1853658,1846701,"9606.ENSP00000351015","9606.ENSP00000281043",0,0,0,0,0,0,0,0.449,0.449,"Cerebro"
"PTEN","IDH1",1855586,1844837,"9606.ENSP00000361021","9606.ENSP00000260985",0,0,0,0,0.052,0,0,0.44,0.446,"Cerebro"
"NANOG","SOX9",1843760,1843195,"9606.ENSP00000245479","9606.ENSP00000229307",0,0,0,0,0,0,0,0.446,0.446,"Cerebro"
"VEGFA","ABCG2",1855611,1843466,"9606.ENSP00000361125","9606.ENSP00000237612",0,0,0,0,0,0,0,0.443,0.443,"Cerebro"
"CD44","SOX9",1860096,1843760,"9606.ENSP00000398632","9606.ENSP00000245479",0,0,0,0,0,0,0,0.443,0.443,"Cerebro"
"CD44","MYCN",1860096,1846701,"9606.ENSP00000398632","9606.ENSP00000281043",0,0,0,0,0,0,0,0.443,0.443,"Cerebro"
"MLL2","ARID1A",1850249,1848242,"9606.ENSP00000320485","9606.ENSP00000301067",0,0,0,0,0.184,0,0,0.344,0.443,"Cerebro"
"CTNNB1","MYCN",1852818,1846701,"9606.ENSP00000344456","9606.ENSP00000281043",0,0,0,0,0,0,0,0.443,0.443,"Cerebro"
"VEGFA","NANOG",1855611,1843195,"9606.ENSP00000361125","9606.ENSP00000229307",0,0,0,0,0,0,0,0.443,0.443,"Cerebro"
"MYC","ITGA2",1856789,1847760,"9606.ENSP00000367207","9606.ENSP00000296585",0,0,0,0,0,0,0,0.442,0.442,"Cerebro"
"TGFA","VEGFA",1855611,1847571,"9606.ENSP00000361125","9606.ENSP00000295400",0,0,0,0,0,0,0,0.442,0.442,"Cerebro"
"ITGA2","MYCN",1847760,1846701,"9606.ENSP00000296585","9606.ENSP00000281043",0,0,0,0,0,0,0,0.442,0.442,"Cerebro"
"ITGA2","ABCG2",1847760,1843466,"9606.ENSP00000296585","9606.ENSP00000237612",0,0,0,0,0,0,0,0.442,0.442,"Cerebro"
"VEGFA","ACAN",1859267,1855611,"9606.ENSP00000387356","9606.ENSP00000361125",0,0,0,0,0,0,0,0.441,0.441,"Cerebro"
"CD44","ITGA2",1860096,1847760,"9606.ENSP00000398632","9606.ENSP00000296585",0,0,0,0,0,0,0,0.441,0.441,"Cerebro"
"PIK3R1","RB1",1846375,1845924,"9606.ENSP00000274335","9606.ENSP00000267163",0,0,0,0,0.053,0.36,0,0.151,0.441,"Cerebro"
"TERT","CDH1",1849199,1844988,"9606.ENSP00000309572","9606.ENSP00000261769",0,0,0,0,0,0,0,0.441,0.441,"Cerebro"
"ZBTB20","MGP",1861400,1843175,"9606.ENSP00000419153","9606.ENSP00000228938",0,0,0,0,0,0,0,0.441,0.441,"Cerebro"
"MYCN","PTCH1",1851463,1846701,"9606.ENSP00000332353","9606.ENSP00000281043",0,0,0,0,0,0,0,0.44,0.44,"Cerebro"
"COL4A2","SOX9",1854011,1843760,"9606.ENSP00000353654","9606.ENSP00000245479",0,0,0,0,0,0,0,0.439,0.439,"Cerebro"
"ITGA2","CCL2",1847760,1843055,"9606.ENSP00000296585","9606.ENSP00000225831",0,0,0,0,0,0,0,0.439,0.439,"Cerebro"
"PTEN","ARID1A",1855586,1850249,"9606.ENSP00000361021","9606.ENSP00000320485",0,0,0,0,0.092,0,0,0.408,0.439,"Cerebro"
"ATRX","DNMT3A",1855886,1845601,"9606.ENSP00000362441","9606.ENSP00000264709",0,0,0,0,0.055,0.068,0,0.412,0.437,"Cerebro"
"NANOG","SETD2",1859200,1843195,"9606.ENSP00000386759","9606.ENSP00000229307",0,0,0,0,0,0.061,0,0.424,0.436,"Cerebro"
"BRAF","RB1",1847131,1845924,"9606.ENSP00000288602","9606.ENSP00000267163",0,0,0,0,0.054,0.285,0,0.233,0.436,"Cerebro"
"PTEN","EPHA7",1855586,1854997,"9606.ENSP00000361021","9606.ENSP00000358309",0,0,0,0,0.09,0.295,0,0.192,0.436,"Cerebro"
"CDKN2A","ITGA2",1859838,1847760,"9606.ENSP00000394932","9606.ENSP00000296585",0,0,0,0,0,0,0,0.436,0.436,"Cerebro"
"PTPN11","CDH1",1852389,1844988,"9606.ENSP00000340944","9606.ENSP00000261769",0,0,0,0,0,0.169,0,0.346,0.433,"Cerebro"
"PIK3CA","CAMK2G",1850110,1845446,"9606.ENSP00000319060","9606.ENSP00000263967",0,0,0,0,0.052,0,0,0.425,0.432,"Cerebro"
"CDKN2A","TOP2A",1860923,1859838,"9606.ENSP00000411532","9606.ENSP00000394932",0,0,0,0,0.053,0,0,0.424,0.431,"Cerebro"
"PIK3R1","TP53",1846375,1846083,"9606.ENSP00000274335","9606.ENSP00000269305",0,0,0,0,0,0,0,0.43,0.43,"Cerebro"
"RB1","CD44",1860096,1845924,"9606.ENSP00000398632","9606.ENSP00000267163",0,0,0,0,0,0,0,0.43,0.43,"Cerebro"
"BRAF","MYCN",1847131,1846701,"9606.ENSP00000288602","9606.ENSP00000281043",0,0,0,0,0,0,0,0.429,0.429,"Cerebro"
"PIK3CA","SETD2",1859200,1845446,"9606.ENSP00000386759","9606.ENSP00000263967",0,0,0,0,0.232,0.113,0,0.229,0.429,"Cerebro"
"MAX","SETD2",1859200,1853721,"9606.ENSP00000386759","9606.ENSP00000351490",0,0,0,0,0.137,0.359,0,0.047,0.428,"Cerebro"
"MLL2","ARID2",1851800,1848242,"9606.ENSP00000335044","9606.ENSP00000301067",0,0,0,0,0.121,0,0,0.375,0.427,"Cerebro"
"GLI2","FOXM1",1854160,1852579,"9606.ENSP00000354586","9606.ENSP00000342307",0,0,0,0,0.049,0.117,0,0.37,0.425,"Cerebro"
"MYC","SOX9",1856789,1843760,"9606.ENSP00000367207","9606.ENSP00000245479",0,0,0,0,0,0,0,0.425,0.424,"Cerebro"
"IDH1","ABCD1",1844837,1842693,"9606.ENSP00000260985","9606.ENSP00000218104",0,0,0,0,0.269,0,0,0.245,0.424,"Cerebro"
"PTEN","PTCH1",1855586,1851463,"9606.ENSP00000361021","9606.ENSP00000332353",0,0,0,0,0.053,0,0,0.416,0.423,"Cerebro"
"NOTCH1","GFI1",1847499,1846535,"9606.ENSP00000294702","9606.ENSP00000277541",0,0,0,0,0.067,0.114,0,0.357,0.422,"Cerebro"
"MYC","TCF12",1856789,1851305,"9606.ENSP00000367207","9606.ENSP00000331057",0,0,0,0,0.053,0.095,0,0.38,0.422,"Cerebro"
"CDKN2A","MLL2",1859838,1848242,"9606.ENSP00000394932","9606.ENSP00000301067",0,0,0,0,0.054,0.114,0,0.365,0.421,"Cerebro"
"SMARCA4","GLI2",1854160,1853627,"9606.ENSP00000354586","9606.ENSP00000350720",0,0,0,0,0.072,0.292,0,0.189,0.421,"Cerebro"
"NIPBL","SETD2",1859200,1846802,"9606.ENSP00000386759","9606.ENSP00000282516",0,0,0,0,0.295,0,0,0.209,0.419,"Cerebro"
"MYC","GLI2",1856789,1854160,"9606.ENSP00000367207","9606.ENSP00000354586",0,0,0,0,0,0.057,0,0.408,0.417,"Cerebro"
"SLC6A3","SNCAIP",1846148,1844894,"9606.ENSP00000270349","9606.ENSP00000261368",0,0,0,0,0,0,0,0.417,0.416,"Cerebro"
"NF1","EP300",1853658,1845316,"9606.ENSP00000351015","9606.ENSP00000263253",0,0,0,0,0.096,0.07,0,0.36,0.415,"Cerebro"
"H3F3A","EEF1A1",1854454,1851211,"9606.ENSP00000355778","9606.ENSP00000330054",0,0,0,0,0.088,0.043,0,0.383,0.415,"Cerebro"
"MYC","PTCH1",1856789,1851463,"9606.ENSP00000367207","9606.ENSP00000332353",0,0,0,0,0,0,0,0.414,0.414,"Cerebro"
"TERT","CCL2",1849199,1843055,"9606.ENSP00000309572","9606.ENSP00000225831",0,0,0,0,0,0,0,0.415,0.414,"Cerebro"
"PIK3CA","ARID1A",1850249,1845446,"9606.ENSP00000320485","9606.ENSP00000263967",0,0,0,0,0.119,0,0,0.362,0.414,"Cerebro"
"CTNNB1","SLC6A3",1852818,1846148,"9606.ENSP00000344456","9606.ENSP00000270349",0,0,0,0,0.05,0,0.36,0.115,0.414,"Cerebro"
"CCL2","IL4R",1843055,1842312,"9606.ENSP00000225831","9606.ENSP00000170630",0,0,0,0,0.051,0,0,0.408,0.414,"Cerebro"
"BRAF","TERT",1849199,1847131,"9606.ENSP00000309572","9606.ENSP00000288602",0,0,0,0,0,0,0,0.413,0.412,"Cerebro"
"SETD2","ATRX",1859200,1855886,"9606.ENSP00000386759","9606.ENSP00000362441",0,0,0,0,0.237,0.106,0,0.206,0.412,"Cerebro"
"PTEN","SETD2",1859200,1855586,"9606.ENSP00000386759","9606.ENSP00000361021",0,0,0,0,0.215,0.107,0,0.225,0.41,"Cerebro"
"SLC6A3","TCF12",1851305,1846148,"9606.ENSP00000331057","9606.ENSP00000270349",0,0,0,0,0,0,0,0.41,0.41,"Cerebro"
"CDH1","ABCG2",1844988,1843466,"9606.ENSP00000261769","9606.ENSP00000237612",0,0,0,0,0,0,0,0.41,0.41,"Cerebro"
"PTEN","CREBBP",1855586,1845124,"9606.ENSP00000361021","9606.ENSP00000262367",0,0,0,0,0.149,0.057,0,0.323,0.41,"Cerebro"
"NRAS","MYCN",1855051,1846701,"9606.ENSP00000358548","9606.ENSP00000281043",0,0,0,0,0,0,0,0.408,0.408,"Cerebro"
"TERT","CD44",1860096,1849199,"9606.ENSP00000398632","9606.ENSP00000309572",0,0,0,0,0,0,0,0.409,0.408,"Cerebro"
"VEGFA","SOX9",1855611,1843760,"9606.ENSP00000361125","9606.ENSP00000245479",0,0,0,0,0,0,0,0.409,0.408,"Cerebro"
"EEF1A1","PLCG1",1851211,1843693,"9606.ENSP00000330054","9606.ENSP00000244007",0,0,0,0,0,0.36,0,0.113,0.408,"Cerebro"
"MYC","TYRP1",1857771,1856789,"9606.ENSP00000373570","9606.ENSP00000367207",0,0,0,0,0,0,0,0.408,0.408,"Cerebro"
"SLC6A3","ITGA2",1847760,1846148,"9606.ENSP00000296585","9606.ENSP00000270349",0,0,0,0,0,0,0,0.409,0.408,"Cerebro"
"CDH1","DNMT3A",1845601,1844988,"9606.ENSP00000264709","9606.ENSP00000261769",0,0,0,0,0,0,0,0.409,0.408,"Cerebro"
"NRAS","IDH1",1855051,1844837,"9606.ENSP00000358548","9606.ENSP00000260985",0,0,0,0,0,0,0,0.407,0.407,"Cerebro"
"CDH1","CCL2",1844988,1843055,"9606.ENSP00000261769","9606.ENSP00000225831",0,0,0,0,0,0,0,0.407,0.407,"Cerebro"
"VEGFA","PTCH1",1855611,1851463,"9606.ENSP00000361125","9606.ENSP00000332353",0,0,0,0,0,0,0,0.407,0.407,"Cerebro"
"ATRX","FUBP1",1855886,1855347,"9606.ENSP00000362441","9606.ENSP00000359804",0,0,0,0,0.091,0.114,0,0.322,0.406,"Cerebro"
"EGFR","GLI2",1854160,1846445,"9606.ENSP00000354586","9606.ENSP00000275493",0,0,0,0,0.095,0.093,0,0.334,0.406,"Cerebro"
"GLI2","EP300",1854160,1845316,"9606.ENSP00000354586","9606.ENSP00000263253",0,0,0,0,0.047,0.295,0,0.187,0.406,"Cerebro"
"PIK3CA","TLR6",1857458,1845446,"9606.ENSP00000371376","9606.ENSP00000263967",0,0,0,0,0.181,0.113,0,0.246,0.405,"Cerebro"
"PIK3CA","ABCG2",1845446,1843466,"9606.ENSP00000263967","9606.ENSP00000237612",0,0,0,0,0.052,0.062,0,0.385,0.405,"Cerebro"
"RB1","PTCH1",1851463,1845924,"9606.ENSP00000332353","9606.ENSP00000267163",0,0,0,0,0,0.181,0,0.304,0.405,"Cerebro"
"EP300","KRAS",1845316,1844404,"9606.ENSP00000263253","9606.ENSP00000256078",0,0,0,0,0.123,0.097,0,0.308,0.404,"Cerebro"
"NOTCH1","FOXM1",1852579,1846535,"9606.ENSP00000342307","9606.ENSP00000277541",0,0,0,0,0.048,0.074,0,0.378,0.404,"Cerebro"
"CDKN2A","FOXM1",1859838,1852579,"9606.ENSP00000394932","9606.ENSP00000342307",0,0,0,0,0,0.074,0,0.379,0.401,"Cerebro"
"PTCH1","SOX9",1851463,1843760,"9606.ENSP00000332353","9606.ENSP00000245479",0,0,0,0,0,0,0,0.4,0.4,"Cerebro"
"RB1","ITGA2",1847760,1845924,"9606.ENSP00000296585","9606.ENSP00000267163",0,0,0,0,0,0,0,0.4,0.4,"Cerebro"
"PTEN","ATRX",1855886,1855586,"9606.ENSP00000362441","9606.ENSP00000361021",0,0,0,0,0.181,0,0,0.298,0.4,"Cerebro"
"MYC","BCL2",1856789,1851168,"9606.ENSP00000367207","9606.ENSP00000329623",0,0,0,0,0,0.407,0.9,0.924,0.995,"Mama"
"MYC","GAPDH",1856789,1843185,"9606.ENSP00000367207","9606.ENSP00000229239",0,0,0,0,0,0,0.9,0.843,0.983,"Mama"
"MYC","ESR1",1856789,1842435,"9606.ENSP00000367207","9606.ENSP00000206249",0,0,0,0,0,0.36,0.9,0.746,0.982,"Mama"
"MYC","ERBB2",1856789,1846101,"9606.ENSP00000367207","9606.ENSP00000269571",0,0,0,0,0,0,0.9,0.781,0.977,"Mama"
"MYC","TFRC",1856789,1853957,"9606.ENSP00000367207","9606.ENSP00000353224",0,0,0,0,0,0,0.9,0.748,0.973,"Mama"
"GAPDH","ESR1",1843185,1842435,"9606.ENSP00000229239","9606.ENSP00000206249",0,0,0,0,0,0.042,0.9,0.738,0.972,"Mama"
"ERBB2","ESR1",1846101,1842435,"9606.ENSP00000269571","9606.ENSP00000206249",0,0,0,0,0,0.341,0,0.955,0.969,"Mama"
"TFRC","DAB2",1853957,1849619,"9606.ENSP00000353224","9606.ENSP00000313391",0,0,0,0,0,0,0.9,0.257,0.922,"Mama"
"GAPDH","BCL2",1851168,1843185,"9606.ENSP00000329623","9606.ENSP00000229239",0,0,0,0,0,0,0,0.826,0.826,"Mama"
"BCL2","CTSL2",1851168,1844700,"9606.ENSP00000329623","9606.ENSP00000259470",0,0,0,0,0,0,0.8,0.103,0.812,"Mama"
"ERBB2","BCL2",1851168,1846101,"9606.ENSP00000329623","9606.ENSP00000269571",0,0,0,0,0.053,0,0,0.747,0.75,"Mama"
"BCL2","ESR1",1851168,1842435,"9606.ENSP00000329623","9606.ENSP00000206249",0,0,0,0,0,0.067,0,0.729,0.737,"Mama"
"GAPDH","ERBB2",1846101,1843185,"9606.ENSP00000269571","9606.ENSP00000229239",0,0,0,0,0,0.147,0,0.673,0.709,"Mama"
"GAPDH","CD68",1843990,1843185,"9606.ENSP00000250092","9606.ENSP00000229239",0,0,0,0,0.05,0,0,0.577,0.58,"Mama"
"GAPDH","TFRC",1853957,1843185,"9606.ENSP00000353224","9606.ENSP00000229239",0,0,0,0,0,0.051,0,0.548,0.553,"Mama"
"BCL2","CD68",1851168,1843990,"9606.ENSP00000329623","9606.ENSP00000250092",0,0,0,0,0.054,0,0,0.48,0.487,"Mama"
"ERBB2","TFRC",1853957,1846101,"9606.ENSP00000353224","9606.ENSP00000269571",0,0,0,0,0,0.16,0,0.368,0.446,"Mama"
"TFRC","BCL2",1853957,1851168,"9606.ENSP00000353224","9606.ENSP00000329623",0,0,0,0,0,0,0,0.408,0.408,"Mama"
"SCUBE2","CTSL2",1861813,1844700,"9606.ENSP00000429969","9606.ENSP00000259470",0,0,0,0,0,0,0,0.401,0.401,"Mama"
"PMS2","MSH6",1845816,1843401,"9606.ENSP00000265849","9606.ENSP00000234420",0.309,0,0,0,0.173,0.729,0.929,0.968,0.999,"Pancreas"
"RACGAP1","KIF23",1849236,1844781,"9606.ENSP00000309871","9606.ENSP00000260363",0,0,0,0,0.824,0.953,0.9,0.92,0.999,"Pancreas"
"MSH2","MLH1",1843341,1843304,"9606.ENSP00000233146","9606.ENSP00000231790",0.309,0,0.479,0,0.255,0.81,0.929,0.988,0.999,"Pancreas"
"PMS2","MSH2",1845816,1843341,"9606.ENSP00000265849","9606.ENSP00000233146",0.309,0,0,0,0.268,0.729,0.929,0.978,0.999,"Pancreas"
"MSH6","MLH1",1843401,1843304,"9606.ENSP00000234420","9606.ENSP00000231790",0.309,0,0.486,0,0.154,0.729,0.929,0.975,0.999,"Pancreas"
"MSH2","MSH6",1843401,1843341,"9606.ENSP00000234420","9606.ENSP00000233146",0,0,0.515,0.681,0.794,0.992,0.9,0.988,0.999,"Pancreas"
"CCNA2","CCNB1",1846354,1844435,"9606.ENSP00000274026","9606.ENSP00000256442",0,0,0,0.762,0.987,0.873,0,0.871,0.998,"Pancreas"
"PMS2","MLH1",1845816,1843304,"9606.ENSP00000265849","9606.ENSP00000231790",0,0,0,0.664,0.269,0.974,0.9,0.982,0.998,"Pancreas"
"BRCA2","PALB2",1857163,1844940,"9606.ENSP00000369497","9606.ENSP00000261584",0,0,0,0,0.065,0.873,0.9,0.921,0.998,"Pancreas"
"BRCA2","BRCA1",1861387,1857163,"9606.ENSP00000418960","9606.ENSP00000369497",0,0,0,0,0.136,0.36,0.9,0.955,0.997,"Pancreas"
"TP53","ATM",1846577,1846083,"9606.ENSP00000278616","9606.ENSP00000269305",0,0,0,0,0,0.494,0.9,0.945,0.997,"Pancreas"
"TP53","CDKN2A",1859838,1846083,"9606.ENSP00000394932","9606.ENSP00000269305",0,0,0,0,0,0.376,0.9,0.964,0.997,"Pancreas"
"UBE2C","CCNB1",1853360,1844435,"9606.ENSP00000348838","9606.ENSP00000256442",0,0,0,0,0.866,0,0.9,0.469,0.992,"Pancreas"
"TP53","BRCA1",1861387,1846083,"9606.ENSP00000418960","9606.ENSP00000269305",0,0,0,0,0,0.36,0.9,0.894,0.992,"Pancreas"
"CCNA2","UBE2C",1853360,1846354,"9606.ENSP00000348838","9606.ENSP00000274026",0,0,0,0,0.872,0,0.9,0.386,0.991,"Pancreas"
"BRCA1","BARD1",1861387,1844829,"9606.ENSP00000418960","9606.ENSP00000260947",0,0,0,0.612,0.131,0.875,0.9,0.781,0.991,"Pancreas"
"BRCA1","ATM",1861387,1846577,"9606.ENSP00000418960","9606.ENSP00000278616",0,0,0,0,0,0.483,0.9,0.823,0.99,"Pancreas"
"CENPF","CCNB1",1854480,1844435,"9606.ENSP00000355922","9606.ENSP00000256442",0,0,0,0,0.848,0,0.9,0.415,0.99,"Pancreas"
"TP53","CCNB1",1846083,1844435,"9606.ENSP00000269305","9606.ENSP00000256442",0,0,0,0,0.113,0.102,0.9,0.878,0.989,"Pancreas"
"NEK2","TPX2",1854493,1848175,"9606.ENSP00000355966","9606.ENSP00000300403",0,0,0,0,0.835,0,0.9,0.306,0.987,"Pancreas"
"TP53","MSH2",1846083,1843341,"9606.ENSP00000269305","9606.ENSP00000233146",0,0,0,0,0,0.36,0.9,0.825,0.987,"Pancreas"
"TP53","STK11",1850687,1846083,"9606.ENSP00000324856","9606.ENSP00000269305",0,0,0,0,0,0.374,0.9,0.805,0.986,"Pancreas"
"BRCA2","ATM",1857163,1846577,"9606.ENSP00000369497","9606.ENSP00000278616",0,0,0,0,0.073,0.36,0.9,0.795,0.986,"Pancreas"
"TP53","MLH1",1846083,1843304,"9606.ENSP00000269305","9606.ENSP00000231790",0,0,0,0,0,0,0.9,0.847,0.984,"Pancreas"
"ATM","MLH1",1846577,1843304,"9606.ENSP00000278616","9606.ENSP00000231790",0,0,0,0,0.094,0.132,0.9,0.8,0.982,"Pancreas"
"UBE2C","NEK2",1854493,1853360,"9606.ENSP00000355966","9606.ENSP00000348838",0,0,0,0,0.75,0,0.9,0.348,0.982,"Pancreas"
"BRCA1","PALB2",1861387,1844940,"9606.ENSP00000418960","9606.ENSP00000261584",0,0,0,0,0.09,0.36,0.9,0.738,0.982,"Pancreas"
"BRCA2","BARD1",1857163,1844829,"9606.ENSP00000369497","9606.ENSP00000260947",0,0,0,0,0.178,0.344,0.9,0.63,0.977,"Pancreas"
"BRCA2","MLH1",1857163,1843304,"9606.ENSP00000369497","9606.ENSP00000231790",0,0,0,0,0.251,0,0.9,0.702,0.975,"Pancreas"
"RNF168","ATM",1850293,1846577,"9606.ENSP00000320898","9606.ENSP00000278616",0,0,0,0,0,0,0.9,0.742,0.973,"Pancreas"
"MSH6","ATM",1846577,1843401,"9606.ENSP00000278616","9606.ENSP00000234420",0,0,0,0,0.099,0.158,0.9,0.679,0.972,"Pancreas"
"MSH2","ATM",1846577,1843341,"9606.ENSP00000278616","9606.ENSP00000233146",0,0,0,0,0.064,0.18,0.9,0.657,0.97,"Pancreas"
"TP53","CCNA2",1846354,1846083,"9606.ENSP00000274026","9606.ENSP00000269305",0,0,0,0,0.133,0.328,0.9,0.49,0.966,"Pancreas"
"CCNA2","BRCA1",1861387,1846354,"9606.ENSP00000418960","9606.ENSP00000274026",0,0,0,0,0.343,0.359,0.9,0.276,0.965,"Pancreas"
"TP53","BARD1",1846083,1844829,"9606.ENSP00000269305","9606.ENSP00000260947",0,0,0,0,0,0.406,0.9,0.443,0.964,"Pancreas"
"ATM","PALB2",1846577,1844940,"9606.ENSP00000278616","9606.ENSP00000261584",0,0,0,0,0.05,0,0.9,0.635,0.962,"Pancreas"
"TP53","PMS2",1846083,1845816,"9606.ENSP00000269305","9606.ENSP00000265849",0,0,0,0,0,0,0.9,0.616,0.96,"Pancreas"
"RACGAP1","CCNB1",1849236,1844435,"9606.ENSP00000309871","9606.ENSP00000256442",0,0,0,0,0.936,0,0,0.329,0.955,"Pancreas"
"RNF168","BRCA1",1861387,1850293,"9606.ENSP00000418960","9606.ENSP00000320898",0,0,0,0,0,0,0.9,0.576,0.955,"Pancreas"
"CCNB1","DLGAP5",1844435,1843859,"9606.ENSP00000256442","9606.ENSP00000247191",0,0,0,0,0.888,0,0,0.609,0.954,"Pancreas"
"CCNB1","KIF23",1844781,1844435,"9606.ENSP00000260363","9606.ENSP00000256442",0,0,0,0,0.92,0.123,0,0.352,0.951,"Pancreas"
"ATM","BARD1",1846577,1844829,"9606.ENSP00000278616","9606.ENSP00000260947",0,0,0,0,0,0.048,0.9,0.519,0.95,"Pancreas"
"PALB2","BARD1",1844940,1844829,"9606.ENSP00000261584","9606.ENSP00000260947",0,0,0,0,0.048,0,0.9,0.502,0.948,"Pancreas"
"TPX2","DLGAP5",1848175,1843859,"9606.ENSP00000300403","9606.ENSP00000247191",0,0,0,0,0.866,0,0,0.596,0.943,"Pancreas"
"CCNA2","BARD1",1846354,1844829,"9606.ENSP00000274026","9606.ENSP00000260947",0,0,0,0,0.271,0.146,0.9,0.177,0.942,"Pancreas"
"RNF168","BARD1",1850293,1844829,"9606.ENSP00000320898","9606.ENSP00000260947",0,0,0,0,0.042,0,0.9,0.44,0.941,"Pancreas"
"CCNA2","KIF23",1846354,1844781,"9606.ENSP00000274026","9606.ENSP00000260363",0,0,0,0,0.902,0.123,0,0.351,0.939,"Pancreas"
"BRCA1","UBE2C",1861387,1853360,"9606.ENSP00000418960","9606.ENSP00000348838",0,0,0,0,0.272,0,0.9,0.213,0.937,"Pancreas"
"CCNA2","ATM",1846577,1846354,"9606.ENSP00000278616","9606.ENSP00000274026",0,0,0,0,0.053,0.047,0.9,0.366,0.935,"Pancreas"
"TP53","BRCA2",1857163,1846083,"9606.ENSP00000369497","9606.ENSP00000269305",0,0,0,0,0.054,0.285,0,0.908,0.932,"Pancreas"
"UBE2C","BARD1",1853360,1844829,"9606.ENSP00000348838","9606.ENSP00000260947",0,0,0,0,0.136,0,0.9,0.272,0.931,"Pancreas"
"TP53","KRAS",1846083,1844404,"9606.ENSP00000269305","9606.ENSP00000256078",0,0,0,0,0,0,0,0.927,0.928,"Pancreas"
"TP53","APC",1846083,1844508,"9606.ENSP00000269305","9606.ENSP00000257430",0,0,0,0,0,0,0.9,0.307,0.927,"Pancreas"
"TP53","TPX2",1848175,1846083,"9606.ENSP00000300403","9606.ENSP00000269305",0,0,0,0,0.105,0,0.9,0.234,0.925,"Pancreas"
"CCNB1","TPX2",1848175,1844435,"9606.ENSP00000300403","9606.ENSP00000256442",0,0,0,0,0.878,0,0,0.364,0.919,"Pancreas"
"KIF23","DLGAP5",1844781,1843859,"9606.ENSP00000260363","9606.ENSP00000247191",0,0,0,0,0.885,0.054,0,0.256,0.912,"Pancreas"
"KIF14","DLGAP5",1854571,1843859,"9606.ENSP00000356319","9606.ENSP00000247191",0,0,0,0,0.872,0.054,0,0.304,0.908,"Pancreas"
"RACGAP1","DLGAP5",1849236,1843859,"9606.ENSP00000309871","9606.ENSP00000247191",0,0,0,0,0.872,0,0,0.299,0.906,"Pancreas"
"RNF168","CCNA2",1850293,1846354,"9606.ENSP00000320898","9606.ENSP00000274026",0,0,0,0,0.099,0,0.9,0,0.906,"Pancreas"
"CCNA2","DLGAP5",1846354,1843859,"9606.ENSP00000274026","9606.ENSP00000247191",0,0,0,0,0.879,0,0,0.243,0.904,"Pancreas"
"UBE2C","TPX2",1853360,1848175,"9606.ENSP00000348838","9606.ENSP00000300403",0,0,0,0,0.853,0,0,0.374,0.904,"Pancreas"
"KIF23","TPX2",1848175,1844781,"9606.ENSP00000300403","9606.ENSP00000260363",0,0,0,0,0.853,0,0,0.368,0.903,"Pancreas"
"CENPF","DLGAP5",1854480,1843859,"9606.ENSP00000355922","9606.ENSP00000247191",0,0,0,0,0.865,0,0,0.303,0.902,"Pancreas"
"CENPF","NEK2",1854493,1854480,"9606.ENSP00000355966","9606.ENSP00000355922",0,0,0,0,0.838,0,0,0.408,0.9,"Pancreas"
"NEK2","CCNB1",1854493,1844435,"9606.ENSP00000355966","9606.ENSP00000256442",0,0,0,0,0.822,0.07,0,0.435,0.898,"Pancreas"
"CENPF","TPX2",1854480,1848175,"9606.ENSP00000355922","9606.ENSP00000300403",0,0,0,0,0.858,0,0,0.304,0.897,"Pancreas"
"UBE2C","DLGAP5",1853360,1843859,"9606.ENSP00000348838","9606.ENSP00000247191",0,0,0,0,0.861,0,0,0.28,0.896,"Pancreas"
"CENPF","CCNA2",1854480,1846354,"9606.ENSP00000355922","9606.ENSP00000274026",0,0,0,0,0.855,0,0,0.306,0.895,"Pancreas"
"CCNA2","TPX2",1848175,1846354,"9606.ENSP00000300403","9606.ENSP00000274026",0,0,0,0,0.861,0,0,0.253,0.892,"Pancreas"
"KIF23","KIF14",1854571,1844781,"9606.ENSP00000356319","9606.ENSP00000260363",0,0,0,0.62,0.679,0,0.54,0.707,0.886,"Pancreas"
"NEK2","DLGAP5",1854493,1843859,"9606.ENSP00000355966","9606.ENSP00000247191",0,0,0,0,0.852,0,0,0.212,0.878,"Pancreas"
"CCNA2","KIF14",1854571,1846354,"9606.ENSP00000356319","9606.ENSP00000274026",0,0,0,0,0.827,0.123,0,0.258,0.878,"Pancreas"
"CENPF","UBE2C",1854480,1853360,"9606.ENSP00000355922","9606.ENSP00000348838",0,0,0,0,0.835,0,0,0.277,0.876,"Pancreas"
"RACGAP1","CCNA2",1849236,1846354,"9606.ENSP00000309871","9606.ENSP00000274026",0,0,0,0,0.849,0,0,0.195,0.874,"Pancreas"
"NEK2","KIF14",1854571,1854493,"9606.ENSP00000356319","9606.ENSP00000355966",0,0,0,0,0.842,0.046,0,0.226,0.873,"Pancreas"
"CDKN2A","KRAS",1859838,1844404,"9606.ENSP00000394932","9606.ENSP00000256078",0,0,0,0,0.049,0.12,0,0.857,0.87,"Pancreas"
"CENPF","KIF23",1854480,1844781,"9606.ENSP00000355922","9606.ENSP00000260363",0,0,0,0,0.812,0,0,0.334,0.869,"Pancreas"
"CCNA2","NEK2",1854493,1846354,"9606.ENSP00000355966","9606.ENSP00000274026",0,0,0,0,0.792,0.067,0,0.344,0.861,"Pancreas"
"CENPF","KIF14",1854571,1854480,"9606.ENSP00000356319","9606.ENSP00000355922",0,0,0,0,0.806,0,0,0.305,0.859,"Pancreas"
"TPX2","KIF14",1854571,1848175,"9606.ENSP00000356319","9606.ENSP00000300403",0,0,0,0,0.811,0,0,0.248,0.852,"Pancreas"
"MSH2","BRCA1",1861387,1843341,"9606.ENSP00000418960","9606.ENSP00000233146",0,0,0,0,0.239,0.359,0,0.706,0.844,"Pancreas"
"RACGAP1","TPX2",1849236,1848175,"9606.ENSP00000309871","9606.ENSP00000300403",0,0,0,0,0.793,0,0,0.277,0.844,"Pancreas"
"TP53","MSH6",1846083,1843401,"9606.ENSP00000269305","9606.ENSP00000234420",0,0,0,0,0,0.336,0,0.774,0.844,"Pancreas"
"CCNB1","KIF14",1854571,1844435,"9606.ENSP00000356319","9606.ENSP00000256442",0,0,0,0,0.77,0.123,0,0.268,0.84,"Pancreas"
"RACGAP1","UBE2C",1853360,1849236,"9606.ENSP00000348838","9606.ENSP00000309871",0,0,0,0,0.791,0,0,0.244,0.835,"Pancreas"
"BRCA1","MLH1",1861387,1843304,"9606.ENSP00000418960","9606.ENSP00000231790",0,0,0,0,0.068,0.359,0,0.734,0.827,"Pancreas"
"MSH2","NEK2",1854493,1843341,"9606.ENSP00000355966","9606.ENSP00000233146",0,0,0,0,0.227,0.774,0,0.074,0.825,"Pancreas"
"UBE2C","KIF23",1853360,1844781,"9606.ENSP00000348838","9606.ENSP00000260363",0,0,0,0,0.794,0,0,0.168,0.821,"Pancreas"
"NEK2","KIF23",1854493,1844781,"9606.ENSP00000355966","9606.ENSP00000260363",0,0,0,0,0.771,0.046,0,0.242,0.82,"Pancreas"
"RACGAP1","NEK2",1854493,1849236,"9606.ENSP00000355966","9606.ENSP00000309871",0,0,0,0,0.778,0,0,0.173,0.809,"Pancreas"
"CDKN2A","BRCA1",1861387,1859838,"9606.ENSP00000418960","9606.ENSP00000394932",0,0,0,0,0,0.404,0,0.66,0.789,"Pancreas"
"BRCA1","CCNB1",1861387,1844435,"9606.ENSP00000418960","9606.ENSP00000256442",0,0,0,0,0.411,0.359,0,0.481,0.787,"Pancreas"
"MSH6","BRCA1",1861387,1843401,"9606.ENSP00000418960","9606.ENSP00000234420",0,0,0,0,0.158,0.359,0,0.629,0.782,"Pancreas"
"ATM","STK11",1850687,1846577,"9606.ENSP00000324856","9606.ENSP00000278616",0,0,0,0,0.048,0.36,0,0.667,0.78,"Pancreas"
"RACGAP1","KIF14",1854571,1849236,"9606.ENSP00000356319","9606.ENSP00000309871",0,0,0,0,0.639,0.181,0,0.302,0.776,"Pancreas"
"CDKN2A","MLH1",1859838,1843304,"9606.ENSP00000394932","9606.ENSP00000231790",0,0,0,0,0.054,0,0,0.758,0.761,"Pancreas"
"PMS2","ATM",1846577,1845816,"9606.ENSP00000278616","9606.ENSP00000265849",0,0,0,0,0.13,0,0.54,0.423,0.749,"Pancreas"
"UBE2C","KIF14",1854571,1853360,"9606.ENSP00000356319","9606.ENSP00000348838",0,0,0,0,0.714,0,0,0.148,0.746,"Pancreas"
"TP53","KRT19",1854304,1846083,"9606.ENSP00000355124","9606.ENSP00000269305",0,0,0,0,0.047,0,0,0.737,0.738,"Pancreas"
"KRAS","MLH1",1844404,1843304,"9606.ENSP00000256078","9606.ENSP00000231790",0,0,0,0,0,0,0,0.726,0.726,"Pancreas"
"MSH2","BRCA2",1857163,1843341,"9606.ENSP00000369497","9606.ENSP00000233146",0,0,0,0,0.094,0,0,0.702,0.718,"Pancreas"
"CENPF","RACGAP1",1854480,1849236,"9606.ENSP00000355922","9606.ENSP00000309871",0,0,0,0,0.668,0,0,0.18,0.716,"Pancreas"
"BRCA1","TPX2",1861387,1848175,"9606.ENSP00000418960","9606.ENSP00000300403",0,0,0,0,0.344,0.336,0,0.353,0.693,"Pancreas"
"ATM","CCNB1",1846577,1844435,"9606.ENSP00000278616","9606.ENSP00000256442",0,0,0,0,0.053,0.049,0,0.67,0.677,"Pancreas"
"STK11","KRAS",1850687,1844404,"9606.ENSP00000324856","9606.ENSP00000256078",0,0,0,0,0.059,0.17,0,0.614,0.672,"Pancreas"
"CDKN2A","ATM",1859838,1846577,"9606.ENSP00000394932","9606.ENSP00000278616",0,0,0,0,0,0.048,0,0.667,0.67,"Pancreas"
"MSH6","BRCA2",1857163,1843401,"9606.ENSP00000369497","9606.ENSP00000234420",0,0,0,0,0.101,0,0,0.63,0.653,"Pancreas"
"CDKN2A","CCNB1",1859838,1844435,"9606.ENSP00000394932","9606.ENSP00000256442",0,0,0,0,0.052,0.146,0,0.594,0.642,"Pancreas"
"MSH2","KRAS",1844404,1843341,"9606.ENSP00000256078","9606.ENSP00000233146",0,0,0,0,0,0,0,0.633,0.633,"Pancreas"
"CDKN2A","BRCA2",1859838,1857163,"9606.ENSP00000394932","9606.ENSP00000369497",0,0,0,0,0.054,0,0,0.628,0.633,"Pancreas"
"MSH6","BARD1",1844829,1843401,"9606.ENSP00000260947","9606.ENSP00000234420",0,0,0,0,0.152,0.329,0,0.364,0.607,"Pancreas"
"PMS2","BRCA2",1857163,1845816,"9606.ENSP00000369497","9606.ENSP00000265849",0,0,0,0,0.137,0.118,0,0.516,0.6,"Pancreas"
"MSH2","BARD1",1844829,1843341,"9606.ENSP00000260947","9606.ENSP00000233146",0,0,0,0,0.17,0.329,0,0.325,0.591,"Pancreas"
"TPX2","BARD1",1848175,1844829,"9606.ENSP00000300403","9606.ENSP00000260947",0,0,0,0,0.158,0,0,0.527,0.585,"Pancreas"
"MSH2","CCNB1",1844435,1843341,"9606.ENSP00000256442","9606.ENSP00000233146",0,0,0,0,0.466,0,0,0.244,0.579,"Pancreas"
"CDKN2A","STK11",1859838,1850687,"9606.ENSP00000394932","9606.ENSP00000324856",0.048,0,0,0,0.056,0.17,0,0.497,0.575,"Pancreas"
"BRCA2","KRAS",1857163,1844404,"9606.ENSP00000369497","9606.ENSP00000256078",0,0,0,0,0.042,0,0,0.574,0.574,"Pancreas"
"TP53","KIF23",1846083,1844781,"9606.ENSP00000269305","9606.ENSP00000260363",0,0,0,0,0,0.068,0,0.541,0.554,"Pancreas"
"CENPF","BRCA1",1861387,1854480,"9606.ENSP00000418960","9606.ENSP00000355922",0,0,0,0,0.419,0,0,0.249,0.545,"Pancreas"
"PMS2","BRCA1",1861387,1845816,"9606.ENSP00000418960","9606.ENSP00000265849",0,0,0,0,0,0.134,0,0.493,0.542,"Pancreas"
"MSH6","KRAS",1844404,1843401,"9606.ENSP00000256078","9606.ENSP00000234420",0,0,0,0,0.044,0,0,0.537,0.539,"Pancreas"
"BRCA2","STK11",1857163,1850687,"9606.ENSP00000369497","9606.ENSP00000324856",0,0,0,0,0.055,0,0,0.53,0.536,"Pancreas"
"RACGAP1","KRAS",1849236,1844404,"9606.ENSP00000309871","9606.ENSP00000256078",0,0,0,0,0.056,0.1,0,0.495,0.534,"Pancreas"
"STK11","MLH1",1850687,1843304,"9606.ENSP00000324856","9606.ENSP00000231790",0.064,0,0,0,0.053,0,0,0.514,0.531,"Pancreas"
"BRCA1","KRAS",1861387,1844404,"9606.ENSP00000418960","9606.ENSP00000256078",0,0,0,0,0,0,0,0.53,0.53,"Pancreas"
"CDKN2A","CCNA2",1859838,1846354,"9606.ENSP00000394932","9606.ENSP00000274026",0,0,0,0,0.086,0.146,0,0.435,0.52,"Pancreas"
"CDKN2A","MSH2",1859838,1843341,"9606.ENSP00000394932","9606.ENSP00000233146",0,0,0,0,0,0,0,0.519,0.519,"Pancreas"
"TP53","RNF168",1850293,1846083,"9606.ENSP00000320898","9606.ENSP00000269305",0,0,0,0,0,0.324,0,0.29,0.5,"Pancreas"
"BRCA1","DLGAP5",1861387,1843859,"9606.ENSP00000418960","9606.ENSP00000247191",0,0,0,0,0.436,0,0,0.142,0.496,"Pancreas"
"BRCA1","STK11",1861387,1850687,"9606.ENSP00000418960","9606.ENSP00000324856",0,0,0,0,0.042,0,0,0.49,0.49,"Pancreas"
"BARD1","MLH1",1844829,1843304,"9606.ENSP00000260947","9606.ENSP00000231790",0,0,0,0,0.182,0.194,0,0.288,0.49,"Pancreas"
"ATM","KRAS",1846577,1844404,"9606.ENSP00000278616","9606.ENSP00000256078",0,0,0,0,0.089,0,0,0.454,0.481,"Pancreas"
"RACGAP1","BRCA1",1861387,1849236,"9606.ENSP00000418960","9606.ENSP00000309871",0,0,0,0,0.405,0,0,0.161,0.479,"Pancreas"
"CCNA2","BRCA2",1857163,1846354,"9606.ENSP00000369497","9606.ENSP00000274026",0,0,0,0,0.133,0.325,0,0.173,0.474,"Pancreas"
"PMS2","KRAS",1845816,1844404,"9606.ENSP00000265849","9606.ENSP00000256078",0,0,0,0,0,0,0,0.469,0.469,"Pancreas"
"MSH2","STK11",1850687,1843341,"9606.ENSP00000324856","9606.ENSP00000233146",0,0,0,0,0.056,0.042,0,0.458,0.467,"Pancreas"
"BRCA1","NEK2",1861387,1854493,"9606.ENSP00000418960","9606.ENSP00000355966",0,0,0,0,0.301,0,0,0.25,0.453,"Pancreas"
"TP53","LGALS1",1846083,1842521,"9606.ENSP00000269305","9606.ENSP00000215909",0,0,0,0,0,0,0,0.441,0.441,"Pancreas"
"KRT19","KRAS",1854304,1844404,"9606.ENSP00000355124","9606.ENSP00000256078",0,0,0,0,0,0,0,0.441,0.441,"Pancreas"
"TP53","PALB2",1846083,1844940,"9606.ENSP00000269305","9606.ENSP00000261584",0,0,0,0,0,0,0,0.44,0.44,"Pancreas"
"MSH6","PALB2",1844940,1843401,"9606.ENSP00000261584","9606.ENSP00000234420",0,0,0,0,0.102,0,0,0.399,0.437,"Pancreas"
"CDKN2A","MSH6",1859838,1843401,"9606.ENSP00000394932","9606.ENSP00000234420",0,0,0,0,0,0,0,0.429,0.429,"Pancreas"
"MSH2","PALB2",1844940,1843341,"9606.ENSP00000261584","9606.ENSP00000233146",0,0,0,0,0.11,0,0,0.38,0.424,"Pancreas"
"MSH6","CCNB1",1844435,1843401,"9606.ENSP00000256442","9606.ENSP00000234420",0,0,0,0,0.277,0,0,0.234,0.423,"Pancreas"
"CDKN2A","KRT19",1859838,1854304,"9606.ENSP00000394932","9606.ENSP00000355124",0,0,0,0,0,0.12,0,0.365,0.417,"Pancreas"
"STK11","PRSS1",1850687,1849102,"9606.ENSP00000324856","9606.ENSP00000308720",0,0,0,0,0,0.111,0,0.368,0.414,"Pancreas"
"TP53","RACGAP1",1849236,1846083,"9606.ENSP00000309871","9606.ENSP00000269305",0,0,0,0,0.078,0,0,0.385,0.409,"Pancreas"
"STK11","PALB2",1850687,1844940,"9606.ENSP00000324856","9606.ENSP00000261584",0,0,0,0,0,0,0,0.408,0.408,"Pancreas"
"MSH6","STK11",1850687,1843401,"9606.ENSP00000324856","9606.ENSP00000234420",0,0,0,0,0.052,0.042,0,0.398,0.406,"Pancreas"
"CENPF","MSH2",1854480,1843341,"9606.ENSP00000355922","9606.ENSP00000233146",0,0,0,0,0.401,0,0,0.05,0.406,"Pancreas"
"CCNB1","KRAS",1844435,1844404,"9606.ENSP00000256442","9606.ENSP00000256078",0,0,0,0,0.072,0.115,0,0.333,0.404,"Pancreas"
"NANOG","SOX2",1850559,1843195,"9606.ENSP00000323588","9606.ENSP00000229307",0,0,0,0,0.135,0.23,0.9,0.99,0.999,"Pulmon"
"NANOG","POU5F1",1844736,1843195,"9606.ENSP00000259915","9606.ENSP00000229307",0,0,0,0,0.156,0.137,0.9,0.99,0.999,"Pulmon"
"SOX2","POU5F1",1850559,1844736,"9606.ENSP00000323588","9606.ENSP00000259915",0,0,0,0,0.1,0.407,0.9,0.976,0.998,"Pulmon"
"BCL2","MAPK8",1853988,1851168,"9606.ENSP00000353483","9606.ENSP00000329623",0,0,0,0,0,0.368,0.9,0.921,0.994,"Pulmon"
"BCL2","CASP3",1851168,1849375,"9606.ENSP00000329623","9606.ENSP00000311032",0,0,0,0,0.054,0.428,0,0.974,0.985,"Pulmon"
"HLA-DPB1","HLA-DQA1",1860705,1852213,"9606.ENSP00000408146","9606.ENSP00000339398",0,0,0,0.682,0.269,0.866,0.8,0.883,0.984,"Pulmon"
"MAPK8","BAX",1853988,1847402,"9606.ENSP00000353483","9606.ENSP00000293288",0,0,0,0,0,0,0.9,0.846,0.984,"Pulmon"
"CASP3","MAPK14",1849375,1843222,"9606.ENSP00000311032","9606.ENSP00000229794",0,0,0,0,0.053,0.188,0.9,0.625,0.967,"Pulmon"
"CASP3","BAX",1849375,1847402,"9606.ENSP00000311032","9606.ENSP00000293288",0,0,0,0,0.047,0.329,0,0.95,0.965,"Pulmon"
"HLA-B","HLA-C",1860141,1856460,"9606.ENSP00000399168","9606.ENSP00000365402",0,0,0,0.983,0.105,0.599,0.9,0.97,0.961,"Pulmon"
"EHMT2","TTF1",1856323,1851645,"9606.ENSP00000364687","9606.ENSP00000333920",0,0,0,0,0.056,0.537,0.9,0.212,0.96,"Pulmon"
"HLA-A","CD8A",1856558,1846863,"9606.ENSP00000366005","9606.ENSP00000283635",0,0,0,0,0.048,0.449,0.9,0.311,0.959,"Pulmon"
"BCL2","BAX",1851168,1847402,"9606.ENSP00000329623","9606.ENSP00000293288",0,0,0,0.686,0,0.43,0.9,0.978,0.958,"Pulmon"
"HLA-C","CD8A",1856460,1846863,"9606.ENSP00000365402","9606.ENSP00000283635",0,0,0,0,0.048,0.446,0.9,0.237,0.954,"Pulmon"
"HLA-B","CD8A",1860141,1846863,"9606.ENSP00000399168","9606.ENSP00000283635",0,0,0,0,0.048,0.446,0.9,0.237,0.954,"Pulmon"
"MAPK8","MAPK14",1853988,1843222,"9606.ENSP00000353483","9606.ENSP00000229794",0,0,0.354,0.935,0.092,0.36,0.9,0.923,0.941,"Pulmon"
"HLA-A","HLA-C",1856558,1856460,"9606.ENSP00000366005","9606.ENSP00000365402",0,0,0,0.983,0,0.417,0.9,0.958,0.94,"Pulmon"
"HLA-DPB1","HLA-A",1860705,1856558,"9606.ENSP00000408146","9606.ENSP00000366005",0,0,0,0.682,0.067,0,0.9,0.821,0.927,"Pulmon"
"HLA-DPB1","HLA-B",1860705,1860141,"9606.ENSP00000408146","9606.ENSP00000399168",0,0,0,0.679,0.056,0,0.9,0.716,0.923,"Pulmon"
"HLA-DPB1","HLA-C",1860705,1856460,"9606.ENSP00000408146","9606.ENSP00000365402",0,0,0,0.658,0.056,0,0.9,0.664,0.923,"Pulmon"
"HLA-B","HLA-A",1860141,1856558,"9606.ENSP00000399168","9606.ENSP00000366005",0,0,0,0.985,0,0.2,0.9,0.973,0.917,"Pulmon"
"TP63","BAX",1847402,1845611,"9606.ENSP00000293288","9606.ENSP00000264731",0,0,0,0,0,0,0.9,0.185,0.915,"Pulmon"
"HLA-DPB1","CD274",1860705,1857401,"9606.ENSP00000408146","9606.ENSP00000370989",0,0,0,0,0.055,0,0.9,0.103,0.907,"Pulmon"
"MAPK8","CASP3",1853988,1849375,"9606.ENSP00000353483","9606.ENSP00000311032",0,0,0,0,0.054,0.285,0,0.841,0.883,"Pulmon"
"PDPK1","PDK1",1852785,1846769,"9606.ENSP00000344220","9606.ENSP00000282077",0,0,0,0,0.054,0.774,0,0.322,0.843,"Pulmon"
"BCL2","MAPK14",1851168,1843222,"9606.ENSP00000329623","9606.ENSP00000229794",0,0,0,0,0.044,0.36,0,0.726,0.818,"Pulmon"
"HLA-A","HLA-DQA1",1856558,1852213,"9606.ENSP00000366005","9606.ENSP00000339398",0,0,0,0,0.049,0.198,0,0.719,0.767,"Pulmon"
"MAPK8","DECR1",1853988,1842800,"9606.ENSP00000353483","9606.ENSP00000220764",0,0,0,0,0,0.097,0,0.663,0.682,"Pulmon"
"CASP3","DECR1",1849375,1842800,"9606.ENSP00000311032","9606.ENSP00000220764",0,0,0,0,0,0,0,0.663,0.663,"Pulmon"
"DUSP26","MAPK14",1844418,1843222,"9606.ENSP00000256261","9606.ENSP00000229794",0,0,0,0,0.053,0.498,0,0.295,0.635,"Pulmon"
"BCL2","DECR1",1851168,1842800,"9606.ENSP00000329623","9606.ENSP00000220764",0,0,0,0,0,0,0,0.628,0.628,"Pulmon"
"HLA-C","HLA-DQA1",1856460,1852213,"9606.ENSP00000365402","9606.ENSP00000339398",0,0,0,0,0.047,0.109,0,0.574,0.606,"Pulmon"
"POU5F1","EZH2",1850211,1844736,"9606.ENSP00000320147","9606.ENSP00000259915",0,0,0,0,0,0.187,0,0.514,0.589,"Pulmon"
"EHMT2","MAPK14",1856323,1843222,"9606.ENSP00000364687","9606.ENSP00000229794",0,0,0,0,0.053,0.395,0,0.299,0.563,"Pulmon"
"MAPK14","DECR1",1843222,1842800,"9606.ENSP00000229794","9606.ENSP00000220764",0,0,0,0,0.072,0.049,0,0.537,0.556,"Pulmon"
"EHMT2","DNMT3L",1856323,1846134,"9606.ENSP00000364687","9606.ENSP00000270172",0,0,0,0,0,0.137,0,0.504,0.553,"Pulmon"
"NANOG","EZH2",1850211,1843195,"9606.ENSP00000320147","9606.ENSP00000229307",0,0,0,0,0.101,0.064,0,0.509,0.55,"Pulmon"
"POU5F1","MAPK8",1853988,1844736,"9606.ENSP00000353483","9606.ENSP00000259915",0,0,0,0,0,0,0,0.544,0.544,"Pulmon"
"POU5F1","EHMT2",1856323,1844736,"9606.ENSP00000364687","9606.ENSP00000259915",0,0,0,0,0,0.187,0,0.446,0.531,"Pulmon"
"MAPK8","CD274",1857401,1853988,"9606.ENSP00000370989","9606.ENSP00000353483",0,0,0,0,0,0,0,0.531,0.531,"Pulmon"
"EZH2","DNMT3L",1850211,1846134,"9606.ENSP00000320147","9606.ENSP00000270172",0,0,0,0,0,0.119,0,0.489,0.53,"Pulmon"
"EHMT2","CBX5",1856323,1842455,"9606.ENSP00000364687","9606.ENSP00000209875",0,0,0,0,0,0.36,0,0.272,0.514,"Pulmon"
"BAX","DECR1",1847402,1842800,"9606.ENSP00000293288","9606.ENSP00000220764",0,0,0,0,0,0,0,0.5,0.499,"Pulmon"
"SOX2","EZH2",1850559,1850211,"9606.ENSP00000323588","9606.ENSP00000320147",0,0,0,0,0,0,0,0.492,0.491,"Pulmon"
"TP63","KRT5",1845611,1844111,"9606.ENSP00000264731","9606.ENSP00000252242",0,0,0,0,0.199,0.134,0,0.323,0.489,"Pulmon"
"NANOG","EHMT2",1856323,1843195,"9606.ENSP00000364687","9606.ENSP00000229307",0,0,0,0,0,0.095,0,0.445,0.477,"Pulmon"
"NANOG","DNMT3L",1846134,1843195,"9606.ENSP00000270172","9606.ENSP00000229307",0,0,0,0,0.053,0.068,0,0.449,0.471,"Pulmon"
"EHMT2","EZH2",1856323,1850211,"9606.ENSP00000364687","9606.ENSP00000320147",0,0,0,0.62,0.054,0.223,0,0.819,0.47,"Pulmon"
"MAPK8","PDPK1",1853988,1852785,"9606.ENSP00000353483","9606.ENSP00000344220",0,0,0.282,0.649,0.051,0.324,0,0.372,0.464,"Pulmon"
"POU5F1","DNMT3L",1846134,1844736,"9606.ENSP00000270172","9606.ENSP00000259915",0,0,0,0,0.052,0.058,0,0.441,0.457,"Pulmon"
"SOX2","EHMT2",1856323,1850559,"9606.ENSP00000364687","9606.ENSP00000323588",0,0,0,0,0,0.137,0,0.388,0.449,"Pulmon"
"KRT5","CEACAM5",1844111,1842876,"9606.ENSP00000252242","9606.ENSP00000221992",0,0,0,0,0,0,0,0.442,0.442,"Pulmon"
"SOX2","CASP3",1850559,1849375,"9606.ENSP00000323588","9606.ENSP00000311032",0,0,0,0,0,0,0,0.415,0.414,"Pulmon"
"BCL2","CEACAM5",1851168,1842876,"9606.ENSP00000329623","9606.ENSP00000221992",0,0,0,0,0,0,0,0.408,0.408,"Pulmon"
"BCL2","KRT5",1851168,1844111,"9606.ENSP00000329623","9606.ENSP00000252242",0,0,0,0,0,0,0,0.4,0.4,"Pulmon"
